start,end,start_year,duration,trade_days,trades,cagr_pct,sharpe,sortino,max_dd_pct,calmar,win_rate,final_val
2007-01-01,2008-12-31,2007,2,222,44,-16.3,-1.771,-1.985,-18.8,-0.867,0.0,86519.0
2007-01-01,2009-12-31,2007,3,465,176,21.5,0.704,1.08,-21.8,0.989,36.4,145058.0
2007-01-01,2010-12-31,2007,4,716,315,25.7,0.889,1.249,-21.8,1.181,47.1,193931.0
2007-01-01,2011-12-31,2007,5,962,413,12.6,0.382,0.539,-24.5,0.515,35.6,159240.0
2007-01-01,2012-12-31,2007,6,1207,584,15.9,0.555,0.769,-25.8,0.617,42.1,205175.0
2007-01-01,2013-12-31,2007,7,1455,764,12.9,0.414,0.569,-25.8,0.5,42.0,203760.0
2007-01-01,2014-12-31,2007,8,1699,828,21.2,0.81,1.108,-25.8,0.824,48.8,370843.0
2007-01-01,2015-12-31,2007,9,1945,945,17.6,0.62,0.8,-25.8,0.683,47.8,353889.0
2007-01-01,2016-12-31,2007,10,2191,1085,16.8,0.587,0.748,-25.8,0.653,48.1,391450.0
2007-01-01,2017-12-31,2007,11,2439,1161,22.7,0.851,1.091,-25.8,0.88,52.6,731588.0
2007-01-01,2018-12-31,2007,12,2685,1404,16.4,0.565,0.719,-35.7,0.46,50.4,511210.0
2007-01-01,2019-12-31,2007,13,2928,1559,14.5,0.481,0.612,-43.3,0.335,48.2,487534.0
2007-01-01,2020-12-31,2007,14,3179,1648,18.3,0.656,0.845,-43.3,0.422,49.7,840756.0
2007-01-01,2021-12-31,2007,15,3427,1718,23.7,0.877,1.141,-43.3,0.548,51.5,1824051.0
2007-01-01,2022-12-31,2007,16,3675,1894,21.6,0.779,0.997,-43.3,0.499,51.1,1747048.0
2007-01-01,2023-12-31,2007,17,3920,2014,24.6,0.904,1.158,-43.3,0.568,52.2,3094648.0
2007-01-01,2024-12-31,2007,18,4166,2164,23.5,0.82,1.039,-43.3,0.542,52.0,3302785.0
2008-01-01,2008-12-31,2008,1,222,44,-16.3,-1.771,-1.985,-18.8,-0.867,0.0,86519.0
2008-01-01,2009-12-31,2008,2,465,176,21.5,0.704,1.08,-21.8,0.989,36.4,145058.0
2008-01-01,2010-12-31,2008,3,716,315,25.7,0.889,1.249,-21.8,1.181,47.1,193931.0
2008-01-01,2011-12-31,2008,4,962,413,12.6,0.382,0.539,-24.5,0.515,35.6,159240.0
2008-01-01,2012-12-31,2008,5,1207,584,15.9,0.555,0.769,-25.8,0.617,42.1,205175.0
2008-01-01,2013-12-31,2008,6,1455,764,12.9,0.414,0.569,-25.8,0.5,42.0,203760.0
2008-01-01,2014-12-31,2008,7,1699,828,21.2,0.81,1.108,-25.8,0.824,48.8,370843.0
2008-01-01,2015-12-31,2008,8,1945,945,17.6,0.62,0.8,-25.8,0.683,47.8,353889.0
2008-01-01,2016-12-31,2008,9,2191,1085,16.8,0.587,0.748,-25.8,0.653,48.1,391450.0
2008-01-01,2017-12-31,2008,10,2439,1161,22.7,0.851,1.091,-25.8,0.88,52.6,731588.0
2008-01-01,2018-12-31,2008,11,2685,1404,16.4,0.565,0.719,-35.7,0.46,50.4,511210.0
2008-01-01,2019-12-31,2008,12,2928,1559,14.5,0.481,0.612,-43.3,0.335,48.2,487534.0
2008-01-01,2020-12-31,2008,13,3179,1648,18.3,0.656,0.845,-43.3,0.422,49.7,840756.0
2008-01-01,2021-12-31,2008,14,3427,1718,23.7,0.877,1.141,-43.3,0.548,51.5,1824051.0
2008-01-01,2022-12-31,2008,15,3675,1894,21.6,0.779,0.997,-43.3,0.499,51.1,1747048.0
2008-01-01,2023-12-31,2008,16,3920,2014,24.6,0.904,1.158,-43.3,0.568,52.2,3094648.0
2008-01-01,2024-12-31,2008,17,4166,2164,23.5,0.82,1.039,-43.3,0.542,52.0,3302785.0
2008-01-01,2025-12-31,2008,18,4415,2261,21.7,0.755,0.961,-43.3,0.501,51.0,3141712.0
2009-01-01,2009-12-31,2009,1,243,137,70.5,1.844,3.13,-12.5,5.63,63.6,167246.0
2009-01-01,2010-12-31,2009,2,494,276,50.9,1.59,2.384,-17.8,2.866,69.6,224088.0
2009-01-01,2011-12-31,2009,3,740,376,23.1,0.816,1.204,-24.5,0.944,45.7,184013.0
2009-01-01,2012-12-31,2009,4,985,549,24.8,0.935,1.348,-25.8,0.961,52.2,237433.0
2009-01-01,2013-12-31,2009,5,1233,728,19.2,0.711,1.013,-25.8,0.744,50.0,235912.0
2009-01-01,2014-12-31,2009,6,1477,790,28.2,1.096,1.544,-25.8,1.094,55.7,428722.0
2009-01-01,2015-12-31,2009,7,1723,907,22.8,0.838,1.094,-25.8,0.887,52.4,408169.0
2009-01-01,2016-12-31,2009,8,1969,1048,21.3,0.776,0.998,-25.8,0.825,51.6,450995.0
2009-01-01,2017-12-31,2009,9,2217,1126,27.4,1.039,1.345,-25.8,1.064,55.2,842070.0
2009-01-01,2018-12-31,2009,10,2463,1373,19.8,0.71,0.913,-34.2,0.578,52.1,583875.0
2009-01-01,2019-12-31,2009,11,2706,1525,17.1,0.601,0.773,-43.1,0.397,50.8,546557.0
2009-01-01,2020-12-31,2009,12,2957,1612,21.1,0.777,1.011,-43.1,0.489,51.4,945832.0
2009-01-01,2021-12-31,2009,13,3205,1679,26.8,0.997,1.307,-43.1,0.621,54.6,2047038.0
2009-01-01,2022-12-31,2009,14,3453,1855,24.2,0.883,1.137,-43.1,0.562,54.3,1955619.0
2009-01-01,2023-12-31,2009,15,3698,1976,27.3,1.007,1.296,-43.1,0.634,55.7,3461121.0
2009-01-01,2024-12-31,2009,16,3944,2123,25.8,0.905,1.152,-43.1,0.599,55.1,3652775.0
2009-01-01,2025-12-31,2009,17,4193,2216,23.7,0.83,1.061,-43.1,0.549,53.8,3434060.0
2009-01-01,2026-05-22,2009,18,4289,2285,22.3,0.778,0.992,-45.3,0.493,52.9,3096385.0
2010-01-01,2010-12-31,2010,1,251,155,34.8,1.36,1.791,-17.8,1.961,63.6,133598.0
2010-01-01,2011-12-31,2010,2,497,255,5.3,-0.02,-0.025,-24.4,0.216,39.1,109779.0
2010-01-01,2012-12-31,2010,3,742,430,12.8,0.463,0.585,-25.7,0.497,48.6,141378.0
2010-01-01,2013-12-31,2010,4,990,613,9.3,0.241,0.308,-25.7,0.362,44.7,140683.0
2010-01-01,2014-12-31,2010,5,1234,677,21.4,0.901,1.176,-25.7,0.831,51.7,256008.0
2010-01-01,2015-12-31,2010,6,1480,795,16.7,0.612,0.741,-25.7,0.65,51.4,245775.0
2010-01-01,2016-12-31,2010,7,1726,937,15.7,0.559,0.671,-25.7,0.61,51.2,269294.0
2010-01-01,2017-12-31,2010,8,1974,1014,23.1,0.911,1.114,-25.7,0.898,55.9,505346.0
2010-01-01,2018-12-31,2010,9,2220,1268,15.4,0.533,0.651,-34.4,0.447,53.3,349459.0
2010-01-01,2019-12-31,2010,10,2463,1429,13.2,0.433,0.53,-42.0,0.315,53.0,334176.0
2010-01-01,2020-12-31,2010,11,2714,1518,17.8,0.653,0.814,-42.0,0.423,54.3,577379.0
2010-01-01,2021-12-31,2010,12,2962,1586,24.0,0.916,1.16,-42.0,0.572,56.0,1249090.0
2010-01-01,2022-12-31,2010,13,3210,1766,21.6,0.795,0.991,-42.0,0.513,55.3,1192504.0
2010-01-01,2023-12-31,2010,14,3455,1885,24.9,0.935,1.168,-42.0,0.592,56.1,2088983.0
2010-01-01,2024-12-31,2010,15,3701,2030,23.7,0.837,1.038,-42.0,0.563,56.2,2246621.0
2010-01-01,2025-12-31,2010,16,3950,2130,21.6,0.763,0.951,-42.0,0.515,54.3,2139837.0
2010-01-01,2026-05-22,2010,17,4046,2201,20.3,0.708,0.88,-43.6,0.466,53.1,1926581.0
2010-01-01,2026-05-22,2010,18,4046,2201,20.3,0.708,0.88,-43.6,0.466,53.1,1926581.0
2011-01-01,2011-12-31,2011,1,246,105,-16.8,-3.171,-3.488,-16.5,-1.022,0.0,83504.0
2011-01-01,2012-12-31,2011,2,491,283,3.6,-0.215,-0.277,-17.6,0.202,34.8,107011.0
2011-01-01,2013-12-31,2011,3,739,467,2.1,-0.308,-0.397,-19.6,0.105,34.3,106115.0
2011-01-01,2014-12-31,2011,4,983,532,18.4,0.779,1.038,-19.6,0.94,45.7,193103.0
2011-01-01,2015-12-31,2011,5,1229,651,13.3,0.443,0.535,-19.6,0.678,44.8,183493.0
2011-01-01,2016-12-31,2011,6,1475,795,12.5,0.399,0.479,-22.2,0.562,45.7,199018.0
2011-01-01,2017-12-31,2011,7,1723,875,21.2,0.83,1.016,-22.2,0.954,53.7,372284.0
2011-01-01,2018-12-31,2011,8,1969,1128,12.8,0.409,0.499,-34.8,0.369,49.5,256820.0
2011-01-01,2019-12-31,2011,9,2212,1289,10.2,0.275,0.336,-44.2,0.231,47.6,234186.0
2011-01-01,2020-12-31,2011,10,2463,1386,15.4,0.542,0.677,-44.2,0.349,49.6,405981.0
2011-01-01,2021-12-31,2011,11,2711,1455,22.4,0.847,1.077,-44.2,0.508,51.9,882697.0
2011-01-01,2022-12-31,2011,12,2959,1642,19.9,0.724,0.904,-44.2,0.451,52.9,844836.0
2011-01-01,2023-12-31,2011,13,3204,1763,23.6,0.88,1.102,-44.2,0.534,53.9,1478154.0
2011-01-01,2024-12-31,2011,14,3450,1910,22.7,0.797,0.991,-44.2,0.515,54.3,1652351.0
2011-01-01,2025-12-31,2011,15,3699,2007,20.6,0.716,0.896,-44.2,0.466,51.7,1554326.0
2011-01-01,2026-05-22,2011,16,3795,2078,19.2,0.659,0.821,-44.2,0.434,51.1,1399655.0
2011-01-01,2026-05-22,2011,17,3795,2078,19.2,0.659,0.821,-44.2,0.434,51.1,1399655.0
2011-01-01,2026-05-22,2011,18,3795,2078,19.2,0.659,0.821,-44.2,0.434,51.1,1399655.0
2012-01-01,2012-12-31,2012,1,245,181,27.9,1.439,1.951,-13.2,2.12,63.6,127037.0
2012-01-01,2013-12-31,2012,2,493,365,12.2,0.436,0.578,-20.2,0.605,47.8,125271.0
2012-01-01,2014-12-31,2012,3,737,429,32.5,1.408,1.898,-20.2,1.61,62.9,227679.0
2012-01-01,2015-12-31,2012,4,983,547,22.2,0.838,0.996,-20.2,1.101,54.3,218746.0
2012-01-01,2016-12-31,2012,5,1229,692,19.5,0.721,0.852,-22.4,0.874,51.7,238863.0
2012-01-01,2017-12-31,2012,6,1477,770,29.1,1.139,1.378,-22.4,1.3,57.1,446660.0
2012-01-01,2018-12-31,2012,7,1723,1020,18.4,0.659,0.801,-34.2,0.537,52.4,316712.0
2012-01-01,2019-12-31,2012,8,1966,1180,14.3,0.477,0.581,-44.8,0.319,48.4,283117.0
2012-01-01,2020-12-31,2012,9,2217,1277,19.8,0.735,0.916,-44.8,0.442,49.5,490162.0
2012-01-01,2021-12-31,2012,10,2465,1346,27.3,1.031,1.308,-44.8,0.61,53.8,1061572.0
2012-01-01,2022-12-31,2012,11,2713,1528,24.0,0.881,1.097,-44.8,0.536,53.5,1014815.0
2012-01-01,2023-12-31,2012,12,2958,1649,27.9,1.038,1.295,-44.8,0.623,55.0,1795541.0
2012-01-01,2024-12-31,2012,13,3204,1792,26.4,0.921,1.142,-44.8,0.589,53.9,1963833.0
2012-01-01,2025-12-31,2012,14,3453,1892,23.8,0.833,1.039,-44.8,0.532,52.4,1866549.0
2012-01-01,2026-05-22,2012,15,3549,1962,22.2,0.77,0.958,-44.8,0.496,51.8,1681292.0
2012-01-01,2026-05-22,2012,16,3549,1962,22.2,0.77,0.958,-44.8,0.496,51.8,1681292.0
2012-01-01,2026-05-22,2012,17,3549,1962,22.2,0.77,0.958,-44.8,0.496,51.8,1681292.0
2012-01-01,2026-05-22,2012,18,3549,1962,22.2,0.77,0.958,-44.8,0.496,51.8,1681292.0
2013-01-01,2013-12-31,2013,1,248,190,1.0,-0.341,-0.456,-17.7,0.054,36.4,99917.0
2013-01-01,2014-12-31,2013,2,492,255,36.4,1.496,2.051,-17.7,2.052,60.9,181362.0
2013-01-01,2015-12-31,2013,3,738,378,20.7,0.737,0.869,-17.7,1.17,51.4,171895.0
2013-01-01,2016-12-31,2013,4,984,521,17.8,0.617,0.725,-22.2,0.798,52.2,187434.0
2013-01-01,2017-12-31,2013,5,1232,599,29.4,1.119,1.347,-22.2,1.324,56.9,349646.0
2013-01-01,2018-12-31,2013,6,1478,859,16.2,0.548,0.663,-35.2,0.461,51.4,239248.0
2013-01-01,2019-12-31,2013,7,1721,1020,13.0,0.407,0.495,-42.8,0.304,48.1,228097.0
2013-01-01,2020-12-31,2013,8,1972,1112,19.3,0.696,0.867,-42.8,0.45,49.5,393493.0
2013-01-01,2021-12-31,2013,9,2220,1178,27.5,1.016,1.29,-42.8,0.642,54.3,841226.0
2013-01-01,2022-12-31,2013,10,2468,1363,23.9,0.858,1.069,-42.8,0.557,53.0,804706.0
2013-01-01,2023-12-31,2013,11,2713,1484,28.1,1.027,1.281,-42.8,0.656,54.3,1422575.0
2013-01-01,2024-12-31,2013,12,2959,1636,26.2,0.897,1.111,-42.8,0.611,54.3,1518506.0
2013-01-01,2025-12-31,2013,13,3208,1735,23.5,0.806,1.006,-42.8,0.548,52.6,1446634.0
2013-01-01,2026-05-22,2013,14,3304,1806,21.7,0.741,0.921,-44.4,0.49,51.6,1303560.0
2013-01-01,2026-05-22,2013,15,3304,1806,21.7,0.741,0.921,-44.4,0.49,51.6,1303560.0
2013-01-01,2026-05-22,2013,16,3304,1806,21.7,0.741,0.921,-44.4,0.49,51.6,1303560.0
2013-01-01,2026-05-22,2013,17,3304,1806,21.7,0.741,0.921,-44.4,0.49,51.6,1303560.0
2013-01-01,2026-05-22,2013,18,3304,1806,21.7,0.741,0.921,-44.4,0.49,51.6,1303560.0
2014-01-01,2014-12-31,2014,1,244,74,96.0,3.075,4.304,-10.8,8.914,81.8,191694.0
2014-01-01,2015-12-31,2014,2,490,194,35.8,1.223,1.381,-16.4,2.177,56.5,181162.0
2014-01-01,2016-12-31,2014,3,736,337,26.1,0.921,1.05,-22.3,1.171,51.4,196610.0
2014-01-01,2017-12-31,2014,4,984,415,39.7,1.444,1.701,-22.3,1.782,60.9,368515.0
2014-01-01,2018-12-31,2014,5,1230,662,21.4,0.75,0.895,-35.6,0.602,55.2,257734.0
2014-01-01,2019-12-31,2014,6,1473,817,15.5,0.513,0.616,-45.7,0.338,51.4,231438.0
2014-01-01,2020-12-31,2014,7,1724,896,22.6,0.825,1.019,-45.7,0.495,53.7,403442.0
2014-01-01,2021-12-31,2014,8,1972,964,31.9,1.16,1.462,-45.7,0.698,55.9,873240.0
2014-01-01,2022-12-31,2014,9,2220,1150,27.2,0.97,1.2,-45.7,0.595,56.2,832382.0
2014-01-01,2023-12-31,2014,10,2465,1271,31.7,1.14,1.413,-45.7,0.692,57.3,1471905.0
2014-01-01,2024-12-31,2014,11,2711,1415,29.4,0.995,1.227,-45.7,0.644,57.4,1604782.0
2014-01-01,2025-12-31,2014,12,2960,1513,25.9,0.884,1.098,-45.7,0.567,54.3,1496283.0
2014-01-01,2026-05-22,2014,13,3056,1585,23.9,0.812,1.006,-45.7,0.523,53.8,1347233.0
2014-01-01,2026-05-22,2014,14,3056,1585,23.9,0.812,1.006,-45.7,0.523,53.8,1347233.0
2014-01-01,2026-05-22,2014,15,3056,1585,23.9,0.812,1.006,-45.7,0.523,53.8,1347233.0
2014-01-01,2026-05-22,2014,16,3056,1585,23.9,0.812,1.006,-45.7,0.523,53.8,1347233.0
2014-01-01,2026-05-22,2014,17,3056,1585,23.9,0.812,1.006,-45.7,0.523,53.8,1347233.0
2014-01-01,2026-05-22,2014,18,3056,1585,23.9,0.812,1.006,-45.7,0.523,53.8,1347233.0
2015-01-01,2015-12-31,2015,1,246,136,3.7,-0.008,-0.009,-15.8,0.232,45.5,102796.0
2015-01-01,2016-12-31,2015,2,492,285,6.8,0.108,0.119,-22.4,0.302,43.5,112808.0
2015-01-01,2017-12-31,2015,3,740,368,29.4,1.076,1.24,-22.4,1.31,60.0,211483.0
2015-01-01,2018-12-31,2015,4,986,617,10.8,0.293,0.344,-35.5,0.306,52.2,148421.0
2015-01-01,2019-12-31,2015,5,1229,785,5.9,0.05,0.06,-46.4,0.126,44.8,131065.0
2015-01-01,2020-12-31,2015,6,1480,878,15.5,0.517,0.633,-46.4,0.334,48.6,231236.0
2015-01-01,2021-12-31,2015,7,1728,949,25.4,0.916,1.145,-46.4,0.548,53.7,469602.0
2015-01-01,2022-12-31,2015,8,1976,1134,21.2,0.736,0.903,-46.4,0.457,52.1,448383.0
2015-01-01,2023-12-31,2015,9,2221,1255,26.5,0.946,1.163,-46.4,0.57,54.3,785314.0
2015-01-01,2024-12-31,2015,10,2467,1401,24.5,0.814,0.998,-46.4,0.527,54.7,845041.0
2015-01-01,2025-12-31,2015,11,2716,1500,21.4,0.714,0.882,-46.4,0.461,53.5,803039.0
2015-01-01,2026-05-22,2015,12,2812,1572,19.5,0.641,0.789,-46.4,0.42,52.6,723194.0
2015-01-01,2026-05-22,2015,13,2812,1572,19.5,0.641,0.789,-46.4,0.42,52.6,723194.0
2015-01-01,2026-05-22,2015,14,2812,1572,19.5,0.641,0.789,-46.4,0.42,52.6,723194.0
2015-01-01,2026-05-22,2015,15,2812,1572,19.5,0.641,0.789,-46.4,0.42,52.6,723194.0
2015-01-01,2026-05-22,2015,16,2812,1572,19.5,0.641,0.789,-46.4,0.42,52.6,723194.0
2015-01-01,2026-05-22,2015,17,2812,1572,19.5,0.641,0.789,-46.4,0.42,52.6,723194.0
2015-01-01,2026-05-22,2015,18,2812,1572,19.5,0.641,0.789,-46.4,0.42,52.6,723194.0
2016-01-01,2016-12-31,2016,1,246,150,9.8,0.253,0.29,-14.6,0.668,54.5,109542.0
2016-01-01,2017-12-31,2016,2,494,238,44.3,1.753,2.195,-14.6,3.023,65.2,205156.0
2016-01-01,2018-12-31,2016,3,740,493,13.2,0.415,0.514,-35.3,0.375,51.4,144088.0
2016-01-01,2019-12-31,2016,4,983,660,6.9,0.099,0.123,-45.1,0.154,47.8,129886.0
2016-01-01,2020-12-31,2016,5,1234,753,18.5,0.675,0.869,-45.1,0.409,50.0,229236.0
2016-01-01,2021-12-31,2016,6,1482,822,31.2,1.163,1.531,-45.1,0.691,57.1,493275.0
2016-01-01,2022-12-31,2016,7,1730,1005,25.3,0.914,1.161,-45.1,0.561,54.9,470829.0
2016-01-01,2023-12-31,2016,8,1975,1125,30.9,1.129,1.433,-45.1,0.683,56.4,822661.0
2016-01-01,2024-12-31,2016,9,2221,1271,28.0,0.945,1.186,-45.1,0.62,55.2,880164.0
2016-01-01,2025-12-31,2016,10,2470,1370,24.1,0.821,1.037,-45.1,0.534,53.0,831117.0
2016-01-01,2026-05-22,2016,11,2566,1442,21.9,0.738,0.929,-45.1,0.485,51.6,750297.0
2016-01-01,2026-05-22,2016,12,2566,1442,21.9,0.738,0.929,-45.1,0.485,51.6,750297.0
2016-01-01,2026-05-22,2016,13,2566,1442,21.9,0.738,0.929,-45.1,0.485,51.6,750297.0
2016-01-01,2026-05-22,2016,14,2566,1442,21.9,0.738,0.929,-45.1,0.485,51.6,750297.0
2016-01-01,2026-05-22,2016,15,2566,1442,21.9,0.738,0.929,-45.1,0.485,51.6,750297.0
2016-01-01,2026-05-22,2016,16,2566,1442,21.9,0.738,0.929,-45.1,0.485,51.6,750297.0
2016-01-01,2026-05-22,2016,17,2566,1442,21.9,0.738,0.929,-45.1,0.485,51.6,750297.0
2016-01-01,2026-05-22,2016,18,2566,1442,21.9,0.738,0.929,-45.1,0.485,51.6,750297.0
2017-01-01,2017-12-31,2017,1,248,84,92.2,3.232,4.858,-8.0,11.582,100.0,190237.0
2017-01-01,2018-12-31,2017,2,494,337,15.1,0.494,0.641,-34.7,0.435,60.9,131697.0
2017-01-01,2019-12-31,2017,3,737,505,6.2,0.059,0.075,-44.4,0.14,48.6,119256.0
2017-01-01,2020-12-31,2017,4,988,583,21.2,0.796,1.067,-44.4,0.478,53.2,212830.0
2017-01-01,2021-12-31,2017,5,1236,650,36.7,1.35,1.837,-44.4,0.827,60.3,464124.0
2017-01-01,2022-12-31,2017,6,1484,835,28.6,1.025,1.328,-44.4,0.643,60.0,439759.0
2017-01-01,2023-12-31,2017,7,1729,960,34.8,1.255,1.621,-44.4,0.782,61.0,774368.0
2017-01-01,2024-12-31,2017,8,1975,1107,31.1,1.033,1.308,-44.4,0.7,60.6,834275.0
2017-01-01,2025-12-31,2017,9,2224,1203,26.4,0.893,1.141,-44.4,0.595,57.1,792537.0
2017-01-01,2026-05-22,2017,10,2320,1276,23.8,0.798,1.013,-44.4,0.535,55.5,711721.0
2017-01-01,2026-05-22,2017,11,2320,1276,23.8,0.798,1.013,-44.4,0.535,55.5,711721.0
2017-01-01,2026-05-22,2017,12,2320,1276,23.8,0.798,1.013,-44.4,0.535,55.5,711721.0
2017-01-01,2026-05-22,2017,13,2320,1276,23.8,0.798,1.013,-44.4,0.535,55.5,711721.0
2017-01-01,2026-05-22,2017,14,2320,1276,23.8,0.798,1.013,-44.4,0.535,55.5,711721.0
2017-01-01,2026-05-22,2017,15,2320,1276,23.8,0.798,1.013,-44.4,0.535,55.5,711721.0
2017-01-01,2026-05-22,2017,16,2320,1276,23.8,0.798,1.013,-44.4,0.535,55.5,711721.0
2017-01-01,2026-05-22,2017,17,2320,1276,23.8,0.798,1.013,-44.4,0.535,55.5,711721.0
2017-01-01,2026-05-22,2017,18,2320,1276,23.8,0.798,1.013,-44.4,0.535,55.5,711721.0
2018-01-01,2018-12-31,2018,1,246,275,-24.3,-1.807,-2.245,-33.7,-0.722,27.3,75568.0
2018-01-01,2019-12-31,2018,2,489,446,-15.3,-1.38,-1.693,-41.5,-0.369,39.1,71812.0
2018-01-01,2020-12-31,2018,3,740,530,7.5,0.133,0.179,-41.5,0.181,48.6,122816.0
2018-01-01,2021-12-31,2018,4,988,596,28.9,1.035,1.418,-41.5,0.695,55.3,268221.0
2018-01-01,2022-12-31,2018,5,1236,783,21.3,0.728,0.945,-41.5,0.513,53.4,256004.0
2018-01-01,2023-12-31,2018,6,1481,909,29.3,1.041,1.346,-41.5,0.706,55.7,450115.0
2018-01-01,2024-12-31,2018,7,1727,1060,26.0,0.841,1.068,-41.5,0.625,56.1,482428.0
2018-01-01,2025-12-31,2018,8,1976,1159,21.6,0.704,0.9,-41.5,0.519,52.1,459095.0
2018-01-01,2026-05-22,2018,9,2072,1232,19.0,0.608,0.772,-44.0,0.431,50.0,413361.0
2018-01-01,2026-05-22,2018,10,2072,1232,19.0,0.608,0.772,-44.0,0.431,50.0,413361.0
2018-01-01,2026-05-22,2018,11,2072,1232,19.0,0.608,0.772,-44.0,0.431,50.0,413361.0
2018-01-01,2026-05-22,2018,12,2072,1232,19.0,0.608,0.772,-44.0,0.431,50.0,413361.0
2018-01-01,2026-05-22,2018,13,2072,1232,19.0,0.608,0.772,-44.0,0.431,50.0,413361.0
2018-01-01,2026-05-22,2018,14,2072,1232,19.0,0.608,0.772,-44.0,0.431,50.0,413361.0
2018-01-01,2026-05-22,2018,15,2072,1232,19.0,0.608,0.772,-44.0,0.431,50.0,413361.0
2018-01-01,2026-05-22,2018,16,2072,1232,19.0,0.608,0.772,-44.0,0.431,50.0,413361.0
2018-01-01,2026-05-22,2018,17,2072,1232,19.0,0.608,0.772,-44.0,0.431,50.0,413361.0
2018-01-01,2026-05-22,2018,18,2072,1232,19.0,0.608,0.772,-44.0,0.431,50.0,413361.0
2019-01-01,2019-12-31,2019,1,243,167,-7.6,-1.101,-1.344,-17.5,-0.434,18.2,92673.0
2019-01-01,2020-12-31,2019,2,494,250,26.2,1.061,1.5,-17.5,1.5,39.1,157901.0
2019-01-01,2021-12-31,2019,3,742,319,51.7,1.823,2.554,-17.5,2.956,57.1,341176.0
2019-01-01,2022-12-31,2019,4,990,502,35.1,1.239,1.609,-21.4,1.636,55.3,325833.0
2019-01-01,2023-12-31,2019,5,1235,628,42.7,1.51,1.95,-21.4,1.994,58.6,571992.0
2019-01-01,2024-12-31,2019,6,1481,774,36.0,1.158,1.463,-39.9,0.902,58.6,608257.0
2019-01-01,2025-12-31,2019,7,1730,872,29.2,0.971,1.24,-40.9,0.713,56.1,579359.0
2019-01-01,2026-05-22,2019,8,1826,944,25.6,0.851,1.079,-44.3,0.578,53.5,520953.0
2019-01-01,2026-05-22,2019,9,1826,944,25.6,0.851,1.079,-44.3,0.578,53.5,520953.0
2019-01-01,2026-05-22,2019,10,1826,944,25.6,0.851,1.079,-44.3,0.578,53.5,520953.0
2019-01-01,2026-05-22,2019,11,1826,944,25.6,0.851,1.079,-44.3,0.578,53.5,520953.0
2019-01-01,2026-05-22,2019,12,1826,944,25.6,0.851,1.079,-44.3,0.578,53.5,520953.0
2019-01-01,2026-05-22,2019,13,1826,944,25.6,0.851,1.079,-44.3,0.578,53.5,520953.0
2019-01-01,2026-05-22,2019,14,1826,944,25.6,0.851,1.079,-44.3,0.578,53.5,520953.0
2019-01-01,2026-05-22,2019,15,1826,944,25.6,0.851,1.079,-44.3,0.578,53.5,520953.0
2019-01-01,2026-05-22,2019,16,1826,944,25.6,0.851,1.079,-44.3,0.578,53.5,520953.0
2019-01-01,2026-05-22,2019,17,1826,944,25.6,0.851,1.079,-44.3,0.578,53.5,520953.0
2019-01-01,2026-05-22,2019,18,1826,944,25.6,0.851,1.079,-44.3,0.578,53.5,520953.0
2020-01-01,2020-12-31,2020,1,251,84,77.2,2.619,3.965,-9.4,8.249,54.5,176359.0
2020-01-01,2021-12-31,2020,2,499,150,98.4,2.815,4.021,-16.8,5.864,73.9,387213.0
2020-01-01,2022-12-31,2020,3,747,334,55.5,1.778,2.313,-21.6,2.572,62.9,369303.0
2020-01-01,2023-12-31,2020,4,992,457,60.8,1.968,2.538,-21.6,2.816,63.8,647143.0
2020-01-01,2024-12-31,2020,5,1238,605,48.4,1.456,1.83,-39.4,1.228,62.1,694144.0
2020-01-01,2025-12-31,2020,6,1487,704,37.8,1.21,1.543,-40.3,0.939,55.7,661171.0
2020-01-01,2026-05-22,2020,7,1583,776,32.9,1.066,1.349,-43.7,0.753,53.3,594672.0
2020-01-01,2026-05-22,2020,8,1583,776,32.9,1.066,1.349,-43.7,0.753,53.3,594672.0
2020-01-01,2026-05-22,2020,9,1583,776,32.9,1.066,1.349,-43.7,0.753,53.3,594672.0
2020-01-01,2026-05-22,2020,10,1583,776,32.9,1.066,1.349,-43.7,0.753,53.3,594672.0
2020-01-01,2026-05-22,2020,11,1583,776,32.9,1.066,1.349,-43.7,0.753,53.3,594672.0
2020-01-01,2026-05-22,2020,12,1583,776,32.9,1.066,1.349,-43.7,0.753,53.3,594672.0
2020-01-01,2026-05-22,2020,13,1583,776,32.9,1.066,1.349,-43.7,0.753,53.3,594672.0
2020-01-01,2026-05-22,2020,14,1583,776,32.9,1.066,1.349,-43.7,0.753,53.3,594672.0
2020-01-01,2026-05-22,2020,15,1583,776,32.9,1.066,1.349,-43.7,0.753,53.3,594672.0
2020-01-01,2026-05-22,2020,16,1583,776,32.9,1.066,1.349,-43.7,0.753,53.3,594672.0
2020-01-01,2026-05-22,2020,17,1583,776,32.9,1.066,1.349,-43.7,0.753,53.3,594672.0
2020-01-01,2026-05-22,2020,18,1583,776,32.9,1.066,1.349,-43.7,0.753,53.3,594672.0
2021-01-01,2021-12-31,2021,1,248,97,129.8,3.204,4.537,-15.8,8.198,90.9,224811.0
2021-01-01,2022-12-31,2021,2,496,283,49.0,1.544,1.912,-21.3,2.304,69.6,217401.0
2021-01-01,2023-12-31,2021,3,741,408,57.6,1.845,2.281,-21.3,2.704,68.6,377372.0
2021-01-01,2024-12-31,2021,4,987,559,43.1,1.272,1.566,-39.9,1.078,63.0,403101.0
2021-01-01,2025-12-31,2021,5,1236,656,31.8,1.006,1.257,-40.8,0.781,55.2,384541.0
2021-01-01,2026-05-22,2021,6,1332,730,26.7,0.849,1.052,-44.2,0.603,52.4,345838.0
2021-01-01,2026-05-22,2021,7,1332,730,26.7,0.849,1.052,-44.2,0.603,52.4,345838.0
2021-01-01,2026-05-22,2021,8,1332,730,26.7,0.849,1.052,-44.2,0.603,52.4,345838.0
2021-01-01,2026-05-22,2021,9,1332,730,26.7,0.849,1.052,-44.2,0.603,52.4,345838.0
2021-01-01,2026-05-22,2021,10,1332,730,26.7,0.849,1.052,-44.2,0.603,52.4,345838.0
2021-01-01,2026-05-22,2021,11,1332,730,26.7,0.849,1.052,-44.2,0.603,52.4,345838.0
2021-01-01,2026-05-22,2021,12,1332,730,26.7,0.849,1.052,-44.2,0.603,52.4,345838.0
2021-01-01,2026-05-22,2021,13,1332,730,26.7,0.849,1.052,-44.2,0.603,52.4,345838.0
2021-01-01,2026-05-22,2021,14,1332,730,26.7,0.849,1.052,-44.2,0.603,52.4,345838.0
2021-01-01,2026-05-22,2021,15,1332,730,26.7,0.849,1.052,-44.2,0.603,52.4,345838.0
2021-01-01,2026-05-22,2021,16,1332,730,26.7,0.849,1.052,-44.2,0.603,52.4,345838.0
2021-01-01,2026-05-22,2021,17,1332,730,26.7,0.849,1.052,-44.2,0.603,52.4,345838.0
2021-01-01,2026-05-22,2021,18,1332,730,26.7,0.849,1.052,-44.2,0.603,52.4,345838.0
2022-01-01,2022-12-31,2022,1,248,201,-0.6,-0.237,-0.273,-18.7,-0.032,63.6,99168.0
2022-01-01,2023-12-31,2022,2,493,324,35.0,1.238,1.488,-18.7,1.874,65.2,179359.0
2022-01-01,2024-12-31,2022,3,739,469,27.0,0.805,0.977,-38.7,0.699,62.9,201246.0
2022-01-01,2025-12-31,2022,4,988,568,18.7,0.57,0.704,-38.9,0.479,55.3,195114.0
2022-01-01,2026-05-22,2022,5,1084,641,14.0,0.405,0.496,-42.5,0.33,51.0,175521.0
2022-01-01,2026-05-22,2022,6,1084,641,14.0,0.405,0.496,-42.5,0.33,51.0,175521.0
2022-01-01,2026-05-22,2022,7,1084,641,14.0,0.405,0.496,-42.5,0.33,51.0,175521.0
2022-01-01,2026-05-22,2022,8,1084,641,14.0,0.405,0.496,-42.5,0.33,51.0,175521.0
2022-01-01,2026-05-22,2022,9,1084,641,14.0,0.405,0.496,-42.5,0.33,51.0,175521.0
2022-01-01,2026-05-22,2022,10,1084,641,14.0,0.405,0.496,-42.5,0.33,51.0,175521.0
2022-01-01,2026-05-22,2022,11,1084,641,14.0,0.405,0.496,-42.5,0.33,51.0,175521.0
2022-01-01,2026-05-22,2022,12,1084,641,14.0,0.405,0.496,-42.5,0.33,51.0,175521.0
2022-01-01,2026-05-22,2022,13,1084,641,14.0,0.405,0.496,-42.5,0.33,51.0,175521.0
2022-01-01,2026-05-22,2022,14,1084,641,14.0,0.405,0.496,-42.5,0.33,51.0,175521.0
2022-01-01,2026-05-22,2022,15,1084,641,14.0,0.405,0.496,-42.5,0.33,51.0,175521.0
2022-01-01,2026-05-22,2022,16,1084,641,14.0,0.405,0.496,-42.5,0.33,51.0,175521.0
2022-01-01,2026-05-22,2022,17,1084,641,14.0,0.405,0.496,-42.5,0.33,51.0,175521.0
2022-01-01,2026-05-22,2022,18,1084,641,14.0,0.405,0.496,-42.5,0.33,51.0,175521.0
2023-01-01,2023-12-31,2023,1,245,145,78.7,2.674,3.39,-12.9,6.08,72.7,175230.0
2023-01-01,2024-12-31,2023,2,491,292,42.9,1.189,1.46,-37.9,1.132,65.2,199850.0
2023-01-01,2025-12-31,2023,3,740,392,24.7,0.765,0.961,-39.1,0.631,54.3,190478.0
2023-01-01,2026-05-22,2023,4,836,468,17.6,0.533,0.663,-42.9,0.411,51.3,170862.0
2023-01-01,2026-05-22,2023,5,836,468,17.6,0.533,0.663,-42.9,0.411,51.3,170862.0
2023-01-01,2026-05-22,2023,6,836,468,17.6,0.533,0.663,-42.9,0.411,51.3,170862.0
2023-01-01,2026-05-22,2023,7,836,468,17.6,0.533,0.663,-42.9,0.411,51.3,170862.0
2023-01-01,2026-05-22,2023,8,836,468,17.6,0.533,0.663,-42.9,0.411,51.3,170862.0
2023-01-01,2026-05-22,2023,9,836,468,17.6,0.533,0.663,-42.9,0.411,51.3,170862.0
2023-01-01,2026-05-22,2023,10,836,468,17.6,0.533,0.663,-42.9,0.411,51.3,170862.0
2023-01-01,2026-05-22,2023,11,836,468,17.6,0.533,0.663,-42.9,0.411,51.3,170862.0
2023-01-01,2026-05-22,2023,12,836,468,17.6,0.533,0.663,-42.9,0.411,51.3,170862.0
2023-01-01,2026-05-22,2023,13,836,468,17.6,0.533,0.663,-42.9,0.411,51.3,170862.0
2023-01-01,2026-05-22,2023,14,836,468,17.6,0.533,0.663,-42.9,0.411,51.3,170862.0
2023-01-01,2026-05-22,2023,15,836,468,17.6,0.533,0.663,-42.9,0.411,51.3,170862.0
2023-01-01,2026-05-22,2023,16,836,468,17.6,0.533,0.663,-42.9,0.411,51.3,170862.0
2023-01-01,2026-05-22,2023,17,836,468,17.6,0.533,0.663,-42.9,0.411,51.3,170862.0
2023-01-01,2026-05-22,2023,18,836,468,17.6,0.533,0.663,-42.9,0.411,51.3,170862.0
2024-01-01,2024-12-31,2024,1,246,166,15.3,0.4,0.492,-38.5,0.396,45.5,114526.0
2024-01-01,2025-12-31,2024,2,495,261,5.5,0.088,0.109,-39.7,0.138,43.5,110747.0
2024-01-01,2026-05-22,2024,3,591,335,0.0,-0.135,-0.164,-43.0,0.001,39.3,99775.0
2024-01-01,2026-05-22,2024,4,591,335,0.0,-0.135,-0.164,-43.0,0.001,39.3,99775.0
2024-01-01,2026-05-22,2024,5,591,335,0.0,-0.135,-0.164,-43.0,0.001,39.3,99775.0
2024-01-01,2026-05-22,2024,6,591,335,0.0,-0.135,-0.164,-43.0,0.001,39.3,99775.0
2024-01-01,2026-05-22,2024,7,591,335,0.0,-0.135,-0.164,-43.0,0.001,39.3,99775.0
2024-01-01,2026-05-22,2024,8,591,335,0.0,-0.135,-0.164,-43.0,0.001,39.3,99775.0
2024-01-01,2026-05-22,2024,9,591,335,0.0,-0.135,-0.164,-43.0,0.001,39.3,99775.0
2024-01-01,2026-05-22,2024,10,591,335,0.0,-0.135,-0.164,-43.0,0.001,39.3,99775.0
2024-01-01,2026-05-22,2024,11,591,335,0.0,-0.135,-0.164,-43.0,0.001,39.3,99775.0
2024-01-01,2026-05-22,2024,12,591,335,0.0,-0.135,-0.164,-43.0,0.001,39.3,99775.0
2024-01-01,2026-05-22,2024,13,591,335,0.0,-0.135,-0.164,-43.0,0.001,39.3,99775.0
2024-01-01,2026-05-22,2024,14,591,335,0.0,-0.135,-0.164,-43.0,0.001,39.3,99775.0
2024-01-01,2026-05-22,2024,15,591,335,0.0,-0.135,-0.164,-43.0,0.001,39.3,99775.0
2024-01-01,2026-05-22,2024,16,591,335,0.0,-0.135,-0.164,-43.0,0.001,39.3,99775.0
2024-01-01,2026-05-22,2024,17,591,335,0.0,-0.135,-0.164,-43.0,0.001,39.3,99775.0
2024-01-01,2026-05-22,2024,18,591,335,0.0,-0.135,-0.164,-43.0,0.001,39.3,99775.0
2025-01-01,2025-12-31,2025,1,249,99,-3.5,-0.659,-0.887,-11.9,-0.296,18.2,96394.0
2025-01-01,2026-05-22,2025,2,345,170,-9.6,-1.05,-1.263,-16.6,-0.577,18.8,86961.0
2025-01-01,2026-05-22,2025,3,345,170,-9.6,-1.05,-1.263,-16.6,-0.577,18.8,86961.0
2025-01-01,2026-05-22,2025,4,345,170,-9.6,-1.05,-1.263,-16.6,-0.577,18.8,86961.0
2025-01-01,2026-05-22,2025,5,345,170,-9.6,-1.05,-1.263,-16.6,-0.577,18.8,86961.0
2025-01-01,2026-05-22,2025,6,345,170,-9.6,-1.05,-1.263,-16.6,-0.577,18.8,86961.0
2025-01-01,2026-05-22,2025,7,345,170,-9.6,-1.05,-1.263,-16.6,-0.577,18.8,86961.0
2025-01-01,2026-05-22,2025,8,345,170,-9.6,-1.05,-1.263,-16.6,-0.577,18.8,86961.0
2025-01-01,2026-05-22,2025,9,345,170,-9.6,-1.05,-1.263,-16.6,-0.577,18.8,86961.0
2025-01-01,2026-05-22,2025,10,345,170,-9.6,-1.05,-1.263,-16.6,-0.577,18.8,86961.0
2025-01-01,2026-05-22,2025,11,345,170,-9.6,-1.05,-1.263,-16.6,-0.577,18.8,86961.0
2025-01-01,2026-05-22,2025,12,345,170,-9.6,-1.05,-1.263,-16.6,-0.577,18.8,86961.0
2025-01-01,2026-05-22,2025,13,345,170,-9.6,-1.05,-1.263,-16.6,-0.577,18.8,86961.0
2025-01-01,2026-05-22,2025,14,345,170,-9.6,-1.05,-1.263,-16.6,-0.577,18.8,86961.0
2025-01-01,2026-05-22,2025,15,345,170,-9.6,-1.05,-1.263,-16.6,-0.577,18.8,86961.0
2025-01-01,2026-05-22,2025,16,345,170,-9.6,-1.05,-1.263,-16.6,-0.577,18.8,86961.0
2025-01-01,2026-05-22,2025,17,345,170,-9.6,-1.05,-1.263,-16.6,-0.577,18.8,86961.0
2025-01-01,2026-05-22,2025,18,345,170,-9.6,-1.05,-1.263,-16.6,-0.577,18.8,86961.0
