date,ticker,action,shares,price,value,cost
2020-01-01,ADANIGREEN,BUY,81,174.75,14154.75,16.752146624999998
2020-01-01,HDFCAMC,BUY,9,1429.759033203125,12867.831298828125,15.229078342163087
2020-01-01,BERGEPAINT,BUY,34,418.7224731445313,14236.564086914064,16.848973596862795
2020-01-01,SBILIFE,BUY,14,964.63427734375,13504.8798828125,15.983025341308593
2020-01-01,MCX,BUY,64,221.0686492919922,14148.3935546875,16.744623771972655
2020-01-01,NAUKRI,BUY,28,502.1135559082031,14059.179565429688,16.639039015686034
2020-01-01,MANAPPURAM,BUY,90,157.6727294921875,14190.545654296875,16.79451078186035
2020-02-03,HDFCAMC,SELL(100DMA),9,1383.771484375,12453.943359375,12.871150461914063
2020-02-03,SBILIFE,SELL(100DMA),14,901.65234375,12623.1328125,13.04600776171875
2020-02-03,HDFCAMC,BUY,10,1383.771484375,13837.71484375,16.376935517578126
2020-02-03,ICICIGI,BUY,11,1252.1605224609375,13773.765747070312,16.301251761657714
2020-03-02,ADANIGREEN,SELL(OFF),81,156.0500030517578,12640.050247192383,13.063491930473328
2020-03-02,HDFCAMC,SELL(OFF),10,1373.01708984375,13730.1708984375,14.190131623535155
2020-03-02,BERGEPAINT,SELL(OFF),34,452.2025451660156,15374.886535644531,15.889945234588623
2020-03-02,MCX,SELL(OFF),64,234.51071166992188,15008.685546875,15.511476512695312
2020-03-02,NAUKRI,SELL(OFF),28,526.1834716796875,14733.13720703125,15.226697303466796
2020-03-02,MANAPPURAM,SELL(OFF),90,143.23965454101562,12891.568908691406,13.323436467132568
2020-03-02,ICICIGI,SELL(OFF),11,1154.396240234375,12698.358642578125,13.123753657104492
2020-08-03,ADANIGREEN,BUY,40,339.79998779296875,13591.99951171875,16.08613142211914
2020-08-03,NAVINFLUOR,BUY,8,1728.7840576171875,13830.2724609375,16.36812745751953
2020-08-03,MUTHOOTFIN,BUY,11,1172.904296875,12901.947265625,15.269454588867188
2020-08-03,AUROPHARMA,BUY,16,837.6527099609375,13402.443359375,15.861791715820313
2020-08-03,HAL,BUY,34,399.614501953125,13586.89306640625,16.080087944091797
2020-08-03,BALKRISIND,BUY,11,1248.9515380859375,13738.466918945312,16.25947559857178
2020-08-03,IPCALAB,BUY,14,926.9671020507812,12977.539428710938,15.358917913879393
2020-09-01,MUTHOOTFIN,BUY,2,1060.1318359375,2120.263671875,2.5093320556640624
2020-10-01,HAL,SELL(100DMA),34,357.26641845703125,12147.058227539062,12.553984678161621
2020-10-01,BALKRISIND,SELL(RANK),11,1397.569091796875,15373.260009765625,15.888264220092774
2020-10-01,INDIAMART,BUY,6,2412.242919921875,14473.45751953125,17.129336974365234
2020-11-02,MUTHOOTFIN,SELL(RANK),13,1132.295166015625,14719.837158203125,15.212951703002929
2020-11-02,AUROPHARMA,SELL(100DMA),16,736.3873901367188,11782.1982421875,12.176901883300781
2020-11-02,INDIAMART,BUY,1,2281.82763671875,2281.82763671875,2.7005430080566404
2020-11-02,PERSISTENT,BUY,32,539.93359375,17277.875,20.448365062500002
2020-11-02,ADANIENT,BUY,50,340.2734680175781,17013.673400878906,20.135682469940186
2020-12-01,PERSISTENT,BUY,3,577.598388671875,1732.795166015625,2.050763078979492
2021-01-01,IPCALAB,SELL(RANK),14,1074.267578125,15039.74609375,15.543577587890626
2021-01-01,INDIAMART,SELL(RANK),7,3399.62939453125,23797.40576171875,24.59461885473633
2021-01-01,APLAPOLLO,BUY,51,424.0435485839844,21626.220977783203,25.594632527206418
2021-02-01,NAVINFLUOR,SELL(100DMA),8,2309.973388671875,18479.787109375,19.09885997753906
2021-02-01,INDIAMART,BUY,5,3758.77783203125,18793.88916015625,22.242567821044922
2021-03-01,INDIAMART,BUY,1,4144.7099609375,4144.7099609375,4.905264238769531
2021-05-03,ADANIGREEN,SELL(100DMA),40,1036.5,41460.0,42.848910000000004
2021-05-03,INDIAMART,SELL(RANK),6,3735.3994140625,22412.396484375,23.163211766601563
2021-05-03,ADANIGREEN,BUY,29,1036.5,30058.5,35.57423475
2021-05-03,DEEPAKNTR,BUY,16,1871.77392578125,29948.3828125,35.44391105859375
2021-06-01,DEEPAKNTR,BUY,2,1730.4642333984375,3460.928466796875,4.096008840454101
2021-07-01,ADANIGREEN,SELL(100DMA),29,1068.699951171875,30992.298583984375,32.03054058654785
2021-07-01,KPITTECH,BUY,136,255.63230895996097,34765.994018554695,41.14555392095948
2021-11-01,ADANIENT,SELL(100DMA),50,1442.7257080078125,72136.28540039062,74.55285096130372
2021-11-01,APLAPOLLO,SELL(RANK),51,820.419189453125,41841.378662109375,43.24306484729004
2021-11-01,CGPOWER,BUY,267,147.13925170898438,39286.18020629883,46.49519427415466
2021-11-01,TATAELXSI,BUY,6,5775.4208984375,34652.525390625,41.01126379980469
2021-11-01,IRCTC,BUY,48,818.3067626953125,39278.724609375,46.486370575195316
2021-12-01,DEEPAKNTR,SELL(100DMA),18,2120.8818359375,38175.873046875,39.45476479394531
2021-12-01,CGPOWER,BUY,20,148.96676635742188,2979.3353271484375,3.526043359680176
2021-12-01,TATAPOWER,BUY,195,219.04086303710935,42712.96829223632,50.550797973861684
2022-03-02,PERSISTENT,SELL(OFF),35,1886.45361328125,66025.87646484375,68.23774332641601
2022-03-02,KPITTECH,SELL(OFF),136,552.6953125,75166.5625,77.68464234375
2022-03-02,CGPOWER,SELL(OFF),287,167.63699340820312,48111.8171081543,49.72356298127747
2022-03-02,TATAELXSI,SELL(OFF),6,6346.369140625,38078.21484375,39.35383504101563
2022-03-02,IRCTC,SELL(OFF),48,775.5623779296875,37226.994140625,38.47409844433594
2022-03-02,TATAPOWER,SELL(OFF),195,219.23538208007812,42750.899505615234,44.183054639053346
2022-04-01,KPITTECH,BUY,74,596.005615234375,44104.41552734375,52.19757577661133
2022-04-01,CGPOWER,BUY,238,186.0602874755859,44282.348419189446,52.40815935411071
2022-04-01,BSE,BUY,149,297.7514953613281,44364.97280883789,52.505945319259645
2022-04-01,ANGELONE,BUY,313,141.7368621826172,44363.63786315918,52.504365411048894
2022-04-01,ADANIGREEN,BUY,22,1945.0999755859375,42792.199462890625,50.644568064331054
2022-04-01,TATAPOWER,BUY,186,238.7370452880859,44405.09042358398,52.55342451631164
2022-04-01,TATAELXSI,BUY,5,8616.2451171875,43081.2255859375,50.98663048095703
2022-05-02,KPITTECH,SELL(OFF),74,526.6307983398438,38970.67907714844,40.27619682623291
2022-05-02,CGPOWER,SELL(OFF),238,190.2586212158203,45281.551849365234,46.79848383631897
2022-05-02,BSE,SELL(OFF),149,283.52056884765625,42244.56475830078,43.65975767770386
2022-05-02,ANGELONE,SELL(OFF),313,167.22633361816406,52341.84242248535,54.09529414363861
2022-05-02,ADANIGREEN,SELL(OFF),22,2830.35009765625,62267.7021484375,64.35367017041015
2022-05-02,TATAPOWER,SELL(OFF),186,241.70362854003903,44956.87490844726,46.46293021788024
2022-05-02,TATAELXSI,SELL(OFF),5,7416.97119140625,37084.85595703125,38.3271986315918
2022-08-01,HAL,BUY,48,963.5523681640624,46250.51367187499,54.73748293066405
2022-08-01,ITC,BUY,178,260.90252685546875,46440.64978027344,54.96250901495361
2022-08-01,VBL,BUY,254,183.11981201171875,46512.43225097656,55.04746356903077
2022-08-01,CGPOWER,BUY,209,222.0177764892578,46401.71528625488,54.91643004128265
2022-08-01,TATAELXSI,BUY,5,8473.37890625,42366.89453125,50.14121967773438
2022-08-01,TVSMOTOR,BUY,51,911.4900512695312,46485.992614746094,55.016172259552
2022-08-01,M&M,BUY,38,1206.3182373046875,45840.093017578125,54.251750086303716
2022-09-01,CGPOWER,BUY,13,224.0428466796875,2912.5570068359375,3.4470112175903322
2022-10-03,TATAELXSI,SELL(100DMA),5,8076.84765625,40384.23828125,41.73711026367187
2022-10-03,M&M,BUY,2,1219.5728759765625,2439.145751953125,2.8867289974365233
2023-01-02,ITC,SELL(100DMA),178,282.41107177734375,50269.17077636719,51.953187997375494
2023-01-02,M&M,SELL(100DMA),40,1230.78076171875,49231.23046875,50.880476689453126
2023-01-02,ADANIENT,BUY,14,3835.93798828125,53703.1318359375,63.55765652783203
2023-01-02,BANKBARODA,BUY,318,170.0852813720703,54087.11947631836,64.01210590022278
2023-02-01,HAL,SELL(100DMA),48,1136.0364990234375,54529.751953125,56.35649864355469
2023-02-01,VBL,SELL(100DMA),254,232.4897003173828,59052.383880615234,61.03063874061585
2023-02-01,TVSMOTOR,SELL(100DMA),51,1001.6897583007812,51086.177673339844,52.79756462539673
2023-02-01,ADANIENT,SELL(100DMA),14,2132.425048828125,29853.95068359375,30.85405803149414
2023-02-01,BANKBARODA,SELL(100DMA),318,141.1822052001953,44895.94125366211,46.399955285659786
2023-02-01,BANKBARODA,BUY,341,141.1822052001953,48143.1319732666,56.977396690361026
2023-02-01,RBLBANK,BUY,330,145.8928985595703,48144.6565246582,56.97920099693298
2023-02-01,VBL,BUY,207,232.4897003173828,48125.36796569824,56.956372987403874
2023-02-01,ADANIENT,BUY,22,2132.425048828125,46913.35107421875,55.52195099633789
2023-02-01,HAL,BUY,42,1136.0364990234375,47713.532958984375,56.468966256958005
2023-03-01,HAL,SELL(OFF),42,1289.743896484375,54169.24365234375,55.98391331469727
2023-03-01,VBL,SELL(OFF),207,266.3963317871094,55144.04067993164,56.99136604270935
2023-03-01,CGPOWER,SELL(OFF),222,303.0702819824219,67281.60260009766,69.53553628720093
2023-03-01,ADANIENT,SELL(OFF),22,1562.1572265625,34367.458984375,35.518768860351564
2023-03-01,BANKBARODA,SELL(OFF),341,150.1316375732422,51194.888412475586,52.90991717429352
2023-03-01,RBLBANK,SELL(OFF),330,158.32919311523438,52248.633728027344,53.99896295791626
2023-05-02,VBL,BUY,175,280.7051696777344,49123.404693603516,58.13754945487976
2023-05-02,CUMMINSIND,BUY,32,1538.521484375,49232.6875,58.266885656250004
2023-05-02,HAL,BUY,34,1421.971923828125,48347.04541015625,57.21872824291992
2023-05-02,KPITTECH,BUY,53,921.196044921875,48823.390380859375,57.78248251574708
2023-05-02,ZYDUSLIFE,BUY,97,505.1139831542969,48996.0563659668,57.98683270912171
2023-05-02,ABB,BUY,14,3379.830078125,47317.62109375,56.00040456445312
2023-05-02,ITC,BUY,134,366.03216552734375,49048.31018066406,58.04867509881591
2023-06-01,HAL,BUY,2,1490.9100341796875,2981.820068359375,3.52898405090332
2023-09-01,CUMMINSIND,SELL(100DMA),32,1651.4083251953125,52845.06640625,54.615376130859374
2023-10-03,ABB,SELL(100DMA),14,4022.96728515625,56321.5419921875,58.20831364892578
2023-10-03,ITC,SELL(100DMA),134,387.7444458007813,51957.755737304695,53.6983405545044
2023-10-03,BSE,BUY,137,428.892333984375,58758.249755859375,69.54038858605956
2023-10-03,BHEL,BUY,451,130.76513671875,58975.07666015625,69.79700322729492
2023-11-01,HAL,SELL(100DMA),36,1770.7579345703125,63747.28564453125,65.88281971362305
2023-11-01,KPITTECH,SELL(RANK),53,1198.325927734375,63511.274169921875,65.63890185461426
2023-11-01,ZYDUSLIFE,SELL(100DMA),97,567.4678955078125,55044.38586425781,56.88837279071045
2023-11-01,BHEL,BUY,51,121.19332122802734,6180.8593826293945,7.3150470793418885
2023-11-01,RBLBANK,BUY,282,215.9927520751953,60909.95608520508,72.08693302684021
2023-11-01,LUPIN,BUY,54,1120.8343505859375,60525.054931640625,71.63140251159668
2023-11-01,AUROPHARMA,BUY,71,852.2078247070312,60506.75555419922,71.60974519839478
2023-12-01,LUPIN,BUY,3,1283.0103759765625,3849.0311279296875,4.555328339904785
2024-01-01,RBLBANK,SELL(RANK),282,281.7210693359375,79445.34155273438,82.10676049475097
2024-01-01,PRESTIGE,BUY,66,1186.19580078125,78288.9228515625,92.65494019482422
2024-03-01,PRESTIGE,BUY,7,1164.990478515625,8154.933349609375,9.651363619262696
2024-04-01,AUROPHARMA,SELL(RANK),71,1109.1864013671875,78752.23449707031,81.39043435272217
2024-04-01,SJVN,BUY,751,120.9688491821289,90847.60573577881,107.51814138829423
2024-05-02,VBL,SELL(RANK),175,603.1553344726562,105552.18353271484,109.0881816810608
2024-05-02,OFSS,BUY,14,6978.4111328125,97697.755859375,115.62529405957032
2024-06-03,LUPIN,SELL(RANK),57,1567.2882080078125,89335.42785644531,92.32816468963624
2024-06-03,TRENT,BUY,22,4658.16455078125,102479.6201171875,121.28463040869141
2024-09-02,BHEL,SELL(100DMA),502,286.1986083984375,143671.70141601562,148.48470341345214
2024-09-02,SJVN,SELL(100DMA),751,131.62838745117188,98852.91897583008,102.16449176152038
2024-09-02,TORNTPOWER,BUY,66,1722.823974609375,113706.38232421875,134.5715034807129
2024-09-02,MOTHERSON,BUY,902,127.62995910644533,115122.22311401369,136.2471510554352
2024-10-01,BSE,SELL(RANK),137,1282.255859375,175669.052734375,181.55396600097657
2024-10-01,MCX,BUY,109,1161.2847900390625,126580.04211425781,149.80747984222413
2024-11-01,PRESTIGE,SELL(100DMA),73,1637.86474609375,119564.12646484375,123.56952470141601
2024-11-01,OFSS,SELL(100DMA),14,10038.5068359375,140539.095703125,145.2471554091797
2024-11-01,MOTHERSON,SELL(100DMA),902,120.37059783935548,108574.27925109865,112.21151760601045
2024-11-01,BSE,BUY,82,1483.205322265625,121622.83642578125,143.9406269099121
2024-11-01,VEDL,BUY,285,428.60162353515625,122151.46270751953,144.56625611434936
2024-11-01,VOLTAS,BUY,74,1633.730224609375,120896.03662109375,143.08045934106445
2024-12-02,TORNTPOWER,SELL(100DMA),66,1547.3858642578125,102127.46704101562,105.54873718688964
2024-12-02,OFSS,BUY,10,11378.060546875,113780.60546875,134.65934657226563
