symbol,date,price_mult,source
MATRIXLABS,2005-01-13,0.1,heuristic
IPCALAB,2005-01-28,0.5,yfinance
SESAGOA,2005-02-16,0.5,heuristic
VYSYABANK,2005-02-21,0.333333,heuristic
SURANATELE,2005-02-24,0.5,heuristic
MOTOGENFIN,2005-03-01,2.0,heuristic
KPIT,2005-03-03,0.5,heuristic
RICOAUTO,2005-03-11,0.1,heuristic
STERLINBIO,2005-03-18,0.5,heuristic
BALRAMCHIN,2005-03-23,0.1,yfinance
JBCHEPHARM,2005-04-05,0.2,yfinance
HEXAWARE,2005-04-28,0.2,heuristic
INDSWFTLTD,2005-04-29,0.2,heuristic
CARBORUNIV,2005-06-23,0.5,yfinance
BHARATFORG,2005-07-20,0.2,yfinance
HAVELLS,2005-08-04,0.5,yfinance
KIRLOSOIL,2005-08-10,0.2,heuristic
OPTOCIRCUI,2005-08-16,0.666667,yfinance
SHASUNCHEM,2005-08-19,0.2,heuristic
TATAINVEST,2005-08-22,0.666667,yfinance
WIPRO,2005-08-22,0.5,yfinance
KOTAKBANK,2005-08-25,0.428571,yfinance
ASAHIINDIA,2005-09-01,0.5,yfinance
M&M,2005-09-01,0.5,yfinance
DCW,2005-09-20,0.2,heuristic
PIDILITIND,2005-09-20,0.111111,yfinance
ITC,2005-09-21,0.066667,yfinance
SURYALAXMI,2005-10-10,0.5,heuristic
TAJGVK,2005-10-10,0.2,heuristic
HIMATSEIDE,2005-10-14,0.25,yfinance
KAJARIACER,2005-10-19,0.2,yfinance
ZODIACLOTH,2005-10-24,0.5,heuristic
HINDCONS,2005-11-08,0.1,heuristic
MPHASISBFL,2005-11-11,0.5,heuristic
COROMNFERT,2006-01-02,0.2,heuristic
SUBEX,2006-01-05,0.5,heuristic
GAEL,2006-01-06,0.2,heuristic
DABUR,2006-01-19,0.5,yfinance
TORNTPHARM,2006-02-20,0.25,yfinance
KCPSUGIND,2006-03-08,0.1,heuristic
IVRCLINFRA,2006-03-29,0.2,heuristic
THERMAX,2006-03-31,0.2,yfinance
CIPLA,2006-04-24,0.4,yfinance
SIEMENS,2006-06-13,0.181818,yfinance
UNITECH,2006-06-23,0.02,yfinance
INFOSYSTCH,2006-07-13,0.5,heuristic
KARURVYSYA,2006-07-19,0.444444,yfinance
HAVELLS,2006-07-20,0.5,yfinance
TCS,2006-07-28,0.5,yfinance
LUPIN,2006-08-11,0.5,yfinance
GODREJCP,2006-08-24,0.25,yfinance
GODREJIND,2006-08-25,0.181818,yfinance
DRREDDY,2006-08-28,0.5,yfinance
CADILAHC,2006-08-30,0.5,heuristic
SUPERSPIN,2006-09-01,0.1,heuristic
EXIDEIND,2006-09-08,0.111111,yfinance
BLUESTARCO,2006-09-20,0.2,yfinance
NAGARCONST,2006-09-20,0.5,heuristic
VOLTAS,2006-09-22,0.1,yfinance
ALEMBICLTD,2006-09-26,0.181818,yfinance
LT,2006-09-28,0.5,yfinance
SATYAMCOMP,2006-10-09,0.5,heuristic
BERGEPAINT,2006-10-12,0.666667,yfinance
INDHOTEL,2006-10-27,0.1,yfinance
ONGC,2006-10-27,0.7,yfinance
OPTOCIRCUI,2006-10-30,0.5,yfinance
SUPREMEIND,2006-11-13,0.5,yfinance
TCI,2006-12-05,0.2,heuristic
PANTALOONR,2006-12-12,0.2,heuristic
HTMEDIA,2006-12-28,0.2,yfinance
SUNDRMFAST,2007-01-04,0.5,yfinance
FINCABLES,2007-01-08,0.2,yfinance
APARINDS,2007-01-11,0.777778,yfinance
DABUR,2007-01-25,0.625,yfinance
GOKEX,2007-02-08,0.5,heuristic
MARICO,2007-02-21,0.1,yfinance
HCLTECH,2007-03-15,0.5,yfinance
NRBBEARING,2007-03-26,0.2,heuristic
PUNJLLOYD,2007-03-29,0.2,yfinance
GUJRATGAS,2007-05-15,0.2,heuristic
PAPERPROD,2007-05-25,0.2,heuristic
BHEL,2007-05-31,0.5,yfinance
ABB,2007-06-28,0.222222,yfinance
SUNTV,2007-07-23,0.25,heuristic
DIVISLAB,2007-08-03,0.2,yfinance
NUCLEUS,2007-08-03,0.5,heuristic
APOLLOTYRE,2007-08-17,0.111111,yfinance
EKC,2007-08-21,0.2,heuristic
SANGHVIMOV,2007-08-23,0.2,heuristic
3IINFOTECH,2007-08-27,0.5,heuristic
UNITECH,2007-08-30,0.5,yfinance
GLENMARK,2007-09-10,0.5,yfinance
ANANTRAJ,2007-10-08,0.181818,yfinance
ELECON,2007-10-10,0.333333,heuristic
TV-18,2007-10-17,0.5,heuristic
BLKASHYAP,2007-10-22,0.5,heuristic
OPTOCIRCUI,2007-10-25,0.75,yfinance
JPASSOCIAT,2007-12-17,0.181818,yfinance
JAGRAN,2008-01-09,0.2,yfinance
JINDALSTEL,2008-01-21,0.142857,yfinance
SUZLON,2008-01-21,0.2,yfinance
ROLTA,2008-01-24,0.5,heuristic
ORIENTPPR,2008-02-01,0.1,heuristic
GVKPIL,2008-02-08,0.1,heuristic
PHOENIXLTD,2008-02-13,0.2,yfinance
GBN,2008-02-21,0.2,heuristic
SIEMENS,2008-02-29,0.454545,yfinance
NMDC,2008-04-10,0.1,yfinance
RENUKA,2008-04-10,0.1,yfinance
CONCOR,2008-04-16,0.5,yfinance
CENTURYPLY,2008-04-24,0.1,heuristic
NMDC,2008-05-21,0.363636,yfinance
RPOWER,2008-05-30,0.571429,yfinance
APOLLOSIND,2008-07-11,0.1,heuristic
MOTILALOFS,2008-07-25,0.2,yfinance
HDIL,2008-08-21,0.75,yfinance
SUNDARMFIN,2008-08-22,0.5,yfinance
JMFINANCIL,2008-09-08,0.05,yfinance
BIOCON,2008-09-11,0.5,yfinance
ERAINFRA,2008-09-17,0.2,heuristic
MMFL,2008-09-26,0.5,heuristic
LT,2008-10-01,0.5,yfinance
GAIL,2008-10-06,0.636364,yfinance
AIAENG,2008-10-13,0.2,yfinance
SOUTHBANK,2008-10-16,0.777778,yfinance
AREVAT&D,2008-10-22,0.2,heuristic
OPTOCIRCUI,2008-11-03,0.636364,yfinance
JINDRILL,2008-11-06,0.5,heuristic
TCS,2009-06-16,0.5,yfinance
BHARTIARTL,2009-07-24,0.5,yfinance
DIVISLAB,2009-07-30,0.5,yfinance
ORIENTABRA,2009-08-12,0.5,heuristic
JINDALSTEL,2009-09-14,0.166667,yfinance
MVL,2009-09-18,0.2,heuristic
NUMERICPW,2009-10-14,0.5,heuristic
REISIXTEN,2009-10-26,0.2,heuristic
EDUCOMP,2009-10-27,0.2,yfinance
IOC,2009-10-29,0.5,yfinance
HBLPOWER,2009-11-24,0.1,heuristic
RELIANCE,2009-11-26,0.5,yfinance
ADANIENT,2009-12-10,0.5,yfinance
JINDALSAW,2009-12-10,0.2,heuristic
JPASSOCIAT,2009-12-17,0.7,yfinance
LITL,2010-01-04,0.1,heuristic
BAJAJELEC,2010-01-28,0.2,heuristic
KRBL,2010-02-10,0.111111,yfinance
PIDILITIND,2010-03-15,0.454545,yfinance
RENUKA,2010-03-15,0.5,yfinance
IPCALAB,2010-03-22,0.2,yfinance
M&M,2010-03-29,0.5,yfinance
CASTROL,2010-04-09,0.5,heuristic
ENGINERSIN,2010-05-06,0.2,heuristic
KABRAEXTRU,2010-05-17,0.5,heuristic
WIPRO,2010-06-15,0.6,yfinance
GENESYS,2010-06-23,0.5,heuristic
KANSAINER,2010-06-23,0.5,yfinance
ORBITCORP,2010-06-29,0.5,heuristic
TATATEA,2010-06-30,0.1,heuristic
TULIP,2010-07-06,0.2,heuristic
NESCO,2010-07-20,0.5,heuristic
EMAMILTD,2010-07-21,0.5,heuristic
ZENSARTECH,2010-07-21,0.5,heuristic
ECLERX,2010-07-23,0.666667,yfinance
PRATIBHA,2010-07-30,0.2,heuristic
ITC,2010-08-03,0.5,yfinance
HCC,2010-08-10,0.5,yfinance
RAINBOWPAP,2010-08-11,0.2,heuristic
SURANAT&P,2010-08-17,0.333333,heuristic
REDINGTON,2010-08-20,0.2,yfinance
LUPIN,2010-08-27,0.2,yfinance
APOLLOHOSP,2010-09-02,0.5,yfinance
KCP,2010-09-02,0.1,heuristic
NRBBEARING,2010-09-03,0.5,heuristic
KABRAEXTRU,2010-09-06,0.5,heuristic
BAJAJ-AUTO,2010-09-08,0.5,yfinance
BRITANNIA,2010-09-08,0.222222,yfinance
DABUR,2010-09-08,0.5,yfinance
TVSMOTOR,2010-09-08,0.5,yfinance
KOTAKBANK,2010-09-13,0.545455,yfinance
ASTRAL,2010-09-15,0.5,yfinance
KARURVYSYA,2010-09-16,0.7,yfinance
BHUSANSTL,2010-09-21,0.2,heuristic
MUNDRAPORT,2010-09-23,0.2,heuristic
SOUTHBANK,2010-09-23,0.1,yfinance
NAUKRI,2010-09-27,0.545455,yfinance
AQUA,2010-10-01,0.1,heuristic
HAVELLS,2010-10-08,0.5,yfinance
PARSVNATH,2010-10-18,0.5,yfinance
SUPREMEIND,2010-10-18,0.2,yfinance
GENUSPOWER,2010-10-22,0.1,heuristic
SAVERA,2010-10-25,0.5,heuristic
SINTEX,2010-10-27,0.5,heuristic
JISLJALEQS,2010-10-29,0.2,yfinance
ARCHIES,2010-11-02,0.2,heuristic
ATLANTA,2010-11-08,0.2,heuristic
SOMANYCERA,2010-11-11,0.2,heuristic
ZEEL,2010-11-11,0.5,yfinance
GREAVESCOT,2010-11-24,0.2,heuristic
SUNPHARMA,2010-11-25,0.2,yfinance
SADBHAV,2010-12-07,0.1,heuristic
ELGIEQUIP,2010-12-14,0.5,heuristic
BALKRISIND,2010-12-20,0.2,yfinance
COROMANDEL,2010-12-23,0.5,yfinance
EIDPARRY,2010-12-23,0.5,yfinance
POLYPLEX,2010-12-23,0.5,heuristic
KEC,2010-12-30,0.2,heuristic
LICHSGFIN,2010-12-30,0.2,yfinance
SHOPERSTOP,2011-01-12,0.5,yfinance
ONGC,2011-02-08,0.25,yfinance
AUROPHARMA,2011-02-10,0.2,yfinance
HINDZINC,2011-03-07,0.1,yfinance
NATIONALUM,2011-03-15,0.222222,yfinance
ONMOBILE,2011-05-03,0.5,yfinance
BAJAJCORP,2011-05-05,0.2,heuristic
CMC,2011-06-08,0.5,heuristic
MANAPPURAM,2011-06-09,0.5,heuristic
TITAN,2011-06-23,0.05,yfinance
RAJPALAYAM,2011-07-13,0.5,heuristic
HDFCBANK,2011-07-14,0.2,yfinance
ASHOKLEY,2011-08-02,0.5,yfinance
PIIND,2011-08-17,0.5,yfinance
CUMMINSIND,2011-09-20,0.7,yfinance
TATAPOWER,2011-09-26,0.1,yfinance
CRISIL,2011-09-28,0.1,yfinance
BHEL,2011-10-03,0.2,yfinance
CARBORUNIV,2011-10-05,0.5,yfinance
VIPIND,2011-10-31,0.2,heuristic
CRONIMET,2011-11-03,0.2,heuristic
MUNJALAU,2011-12-29,0.2,heuristic
PLASTIBLEN,2012-02-29,0.5,heuristic
OIL,2012-03-29,0.375,yfinance
OPTOCIRCUI,2012-03-29,0.818182,yfinance
SUNDARAM,2012-04-13,0.333333,heuristic
NAUKRI,2012-06-22,0.5,yfinance
HERCULES,2012-07-11,0.5,heuristic
GABRIEL,2012-07-12,0.5,heuristic
JYOTHYLAB,2012-07-12,0.5,heuristic
BPCL,2012-07-13,0.5,yfinance
MICROTECH,2012-07-17,0.5,heuristic
AJANTPHARM,2012-08-09,0.5,yfinance
GSFC,2012-09-20,0.2,yfinance
SUNDARMFIN,2012-12-13,0.5,yfinance
M&MFIN,2013-02-15,0.2,yfinance
SPYL,2013-04-10,0.1,heuristic
PIIND,2013-04-12,0.222222,yfinance
ASHOKA,2013-07-03,0.333333,heuristic
BIRLACOT,2013-07-04,0.5,heuristic
ADVANTA,2013-07-05,0.2,heuristic
BIRLACOT,2013-07-05,2.0,heuristic
BIRLACOT,2013-07-09,0.5,heuristic
BIRLACOT,2013-07-10,2.0,heuristic
LT,2013-07-11,0.666667,yfinance
TORNTPHARM,2013-07-23,0.5,yfinance
SUNPHARMA,2013-07-29,0.5,yfinance
ASIANPAINT,2013-07-30,0.1,yfinance
BIRLACOT,2013-08-19,0.5,heuristic
CCL,2013-08-19,0.1,heuristic
BIRLACOT,2013-08-20,2.0,heuristic
BIRLACOT,2013-09-04,0.5,heuristic
ASTRAL,2013-09-05,0.444444,yfinance
BIRLACOT,2013-09-05,2.0,heuristic
BIRLACOT,2013-09-06,0.5,heuristic
CONCOR,2013-09-06,0.666667,yfinance
BIRLACOT,2013-09-10,2.0,heuristic
BIRLACOT,2013-09-12,0.5,heuristic
BIRLACOT,2013-09-13,2.0,heuristic
AJANTPHARM,2013-09-17,0.727273,yfinance
ALEMBICLTD,2013-09-27,0.545455,yfinance
FEDERALBNK,2013-10-17,0.2,yfinance
ASHIANA,2013-10-24,0.2,heuristic
OMAXE,2013-11-11,0.875,yfinance
GODREJPROP,2013-11-21,0.5,yfinance
RELAXO,2013-11-22,0.222222,yfinance
KSCL,2014-01-27,0.2,yfinance
RSYSTEMS,2014-02-26,0.1,heuristic
BIRLACOT,2014-03-11,0.5,heuristic
BIRLACOT,2014-03-12,2.0,heuristic
BIRLACOT,2014-03-13,0.5,heuristic
BIRLACOT,2014-03-18,2.0,heuristic
BIRLACOT,2014-03-19,0.5,heuristic
DCMSHRIRAM,2014-03-19,1.142857,yfinance
BIRLACOT,2014-03-20,2.0,heuristic
BIRLACOT,2014-03-26,0.5,heuristic
BIRLACOT,2014-03-27,2.0,heuristic
BIRLACOT,2014-03-28,0.5,heuristic
BIRLACOT,2014-03-31,2.0,heuristic
GRUH,2014-06-09,0.5,heuristic
LGBBROSLTD,2014-07-04,0.5,heuristic
AXISBANK,2014-07-28,0.2,yfinance
HAVELLS,2014-08-26,0.222222,yfinance
J&KBANK,2014-09-04,0.111111,yfinance
PANAMAPET,2014-09-19,0.2,heuristic
ASTRAL,2014-09-25,0.454545,yfinance
THEBYKE,2014-10-09,0.5,heuristic
SBIN,2014-11-20,0.1,yfinance
SURANASOL,2014-11-25,0.5,heuristic
GODFRYPHLP,2014-11-28,0.2,yfinance
INFY,2014-12-02,0.5,yfinance
ICICIBANK,2014-12-04,0.2,yfinance
PNB,2014-12-18,0.2,yfinance
HATHWAY,2015-01-06,0.2,yfinance
BERGEPAINT,2015-01-08,0.555556,yfinance
BANKBARODA,2015-01-22,0.2,yfinance
TATACOFFEE,2015-01-23,0.1,heuristic
POLYMED,2015-02-02,0.5,heuristic
BIRLACOT,2015-02-11,2.0,heuristic
BIRLACOT,2015-02-18,0.5,heuristic
BIRLACOT,2015-02-19,2.0,heuristic
BIRLACOT,2015-02-23,0.5,heuristic
BIRLACOT,2015-02-24,2.0,heuristic
BIRLACOT,2015-02-27,0.5,heuristic
HIKAL,2015-02-27,0.2,yfinance
BIRLACOT,2015-03-02,2.0,heuristic
BIRLACOT,2015-03-03,0.5,heuristic
BIRLACOT,2015-03-04,2.0,heuristic
PERSISTENT,2015-03-10,0.454545,yfinance
BIRLACOT,2015-03-11,0.5,heuristic
BIRLACOT,2015-03-12,2.0,heuristic
BIRLACOT,2015-03-13,0.5,heuristic
BIRLACOT,2015-03-16,2.0,heuristic
BIRLACOT,2015-03-19,0.5,heuristic
HCLTECH,2015-03-19,0.5,yfinance
TECHM,2015-03-19,0.25,yfinance
AJANTPHARM,2015-03-20,0.363636,yfinance
BIRLACOT,2015-03-20,2.0,heuristic
BIRLACOT,2015-03-23,0.5,heuristic
BIRLACOT,2015-03-24,2.0,heuristic
BIRLACOT,2015-03-25,0.5,heuristic
KANSAINER,2015-03-26,0.1,yfinance
BIRLACOT,2015-03-30,2.0,heuristic
VISESHINFO,2015-03-30,0.5,heuristic
VISESHINFO,2015-03-31,2.0,heuristic
INFY,2015-06-15,0.5,yfinance
BIRLACOT,2015-06-19,0.5,heuristic
BIRLACOT,2015-06-22,2.0,heuristic
BIRLACOT,2015-06-24,0.5,heuristic
BIRLACOT,2015-06-25,2.0,heuristic
RELAXO,2015-07-01,0.5,yfinance
BIRLACOT,2015-07-02,0.5,heuristic
BIRLACOT,2015-07-03,2.0,heuristic
BIRLACOT,2015-07-06,0.5,heuristic
BIRLACOT,2015-07-07,2.0,heuristic
FEDERALBNK,2015-07-08,0.5,yfinance
KOTAKBANK,2015-07-08,0.5,yfinance
BIRLACOT,2015-07-10,0.5,heuristic
MAITHANALL,2015-07-15,0.5,heuristic
BIRLACOT,2015-07-16,2.0,heuristic
BIRLACOT,2015-07-17,0.5,heuristic
AUROPHARMA,2015-07-20,0.5,yfinance
BIRLACOT,2015-07-22,2.0,heuristic
BIRLACOT,2015-07-23,0.5,heuristic
BIRLACOT,2015-07-24,2.0,heuristic
BIRLACOT,2015-07-27,0.5,heuristic
MBLINFRA,2015-07-28,0.5,heuristic
VISESHINFO,2015-07-28,0.5,heuristic
VISESHINFO,2015-07-29,2.0,heuristic
BIRLACOT,2015-07-30,2.0,heuristic
VISESHINFO,2015-07-30,0.5,heuristic
BIRLACOT,2015-07-31,0.5,heuristic
VISESHINFO,2015-07-31,2.0,heuristic
BIRLACOT,2015-08-04,2.0,heuristic
BIRLACOT,2015-08-06,0.5,heuristic
BIRLACOT,2015-08-07,2.0,heuristic
BIRLACOT,2015-08-10,0.5,heuristic
BIRLACOT,2015-08-11,2.0,heuristic
BIRLACOT,2015-08-12,0.5,heuristic
BIRLACOT,2015-08-13,2.0,heuristic
SIGNET,2015-08-17,0.1,heuristic
BIRLACOT,2015-08-18,0.5,heuristic
VISESHINFO,2015-08-20,0.5,heuristic
ITDCEM,2015-08-21,0.1,heuristic
VISESHINFO,2015-08-21,2.0,heuristic
VISESHINFO,2015-08-27,0.5,heuristic
VISESHINFO,2015-08-31,2.0,heuristic
VISESHINFO,2015-09-07,0.5,heuristic
VISESHINFO,2015-09-08,2.0,heuristic
VISESHINFO,2015-09-09,0.5,heuristic
VISESHINFO,2015-09-10,2.0,heuristic
VISESHINFO,2015-09-11,0.5,heuristic
BEL,2015-09-14,0.333333,yfinance
VISESHINFO,2015-09-15,2.0,heuristic
AEGISCHEM,2015-09-16,0.1,heuristic
COLPAL,2015-09-23,0.5,yfinance
DIVISLAB,2015-09-23,0.5,yfinance
VISESHINFO,2015-09-28,0.5,heuristic
VISESHINFO,2015-09-29,2.0,heuristic
VISESHINFO,2015-09-30,0.5,heuristic
VISESHINFO,2015-10-01,2.0,heuristic
BATAINDIA,2015-10-07,0.5,heuristic
VISESHINFO,2015-10-07,0.5,heuristic
SHIVAMAUTO,2015-10-08,0.5,heuristic
VISESHINFO,2015-10-08,2.0,heuristic
LAMBODHARA,2015-10-15,0.5,heuristic
VISESHINFO,2015-10-15,0.5,heuristic
VISESHINFO,2015-10-16,2.0,heuristic
VISESHINFO,2015-10-21,0.5,heuristic
VISESHINFO,2015-10-23,2.0,heuristic
SARLAPOLY,2015-10-29,0.1,heuristic
SHILPAMED,2015-11-06,0.5,heuristic
VISESHINFO,2015-11-06,0.5,heuristic
VISESHINFO,2015-11-09,2.0,heuristic
VISESHINFO,2015-11-11,0.5,heuristic
BIRLACOT,2015-11-13,2.0,heuristic
VISESHINFO,2015-11-13,2.0,heuristic
BIRLACOT,2015-11-16,0.5,heuristic
VISESHINFO,2015-11-18,0.5,heuristic
VISESHINFO,2015-11-19,2.0,heuristic
BIRLACOT,2015-11-20,2.0,heuristic
BIRLACOT,2015-11-23,0.5,heuristic
BIRLACOT,2015-11-24,2.0,heuristic
AVANTIFEED,2015-11-26,0.2,heuristic
BIRLACOT,2015-11-27,0.5,heuristic
VKSPL,2015-11-27,0.5,heuristic
VKSPL,2015-11-30,2.0,heuristic
JAMNAAUTO,2015-12-03,0.5,heuristic
JKIL,2015-12-10,0.5,heuristic
ECLERX,2015-12-17,0.777778,yfinance
MARICO,2015-12-22,0.5,yfinance
VISESHINFO,2015-12-22,0.5,heuristic
VISESHINFO,2015-12-23,2.0,heuristic
GREENPLY,2016-01-06,0.2,heuristic
VKSPL,2016-02-26,0.5,heuristic
VKSPL,2016-03-01,2.0,heuristic
VISESHINFO,2016-03-10,0.5,heuristic
VISESHINFO,2016-03-11,2.0,heuristic
RAMASTEEL,2016-03-14,0.1,heuristic
PRECWIRE,2016-03-21,0.5,heuristic
VISESHINFO,2016-03-23,0.5,heuristic
VISESHINFO,2016-03-28,2.0,heuristic
VISESHINFO,2016-03-29,0.5,heuristic
VISESHINFO,2016-03-30,2.0,heuristic
VKSPL,2016-03-31,2.0,heuristic
VISESHINFO,2016-04-04,0.5,heuristic
VISESHINFO,2016-04-05,2.0,heuristic
VISESHINFO,2016-04-06,0.5,heuristic
VISESHINFO,2016-04-07,2.0,heuristic
VISESHINFO,2016-04-20,0.5,heuristic
VISESHINFO,2016-04-21,2.0,heuristic
VKSPL,2016-04-25,2.0,heuristic
VISESHINFO,2016-04-26,0.5,heuristic
VISESHINFO,2016-04-27,2.0,heuristic
VKSPL,2016-04-27,0.5,heuristic
DISHMAN,2016-05-02,0.5,heuristic
VKSPL,2016-05-02,2.0,heuristic
VISESHINFO,2016-05-03,0.5,heuristic
VISESHINFO,2016-05-04,2.0,heuristic
BIRLACOT,2016-05-05,2.0,heuristic
BIRLACOT,2016-05-11,0.5,heuristic
BIRLACOT,2016-05-12,2.0,heuristic
BIRLACOT,2016-05-13,0.5,heuristic
VKSPL,2016-05-17,0.5,heuristic
BIRLACOT,2016-05-18,2.0,heuristic
VKSPL,2016-05-18,2.0,heuristic
BIRLACOT,2016-05-19,0.5,heuristic
BIRLACOT,2016-05-20,2.0,heuristic
BIRLACOT,2016-05-23,0.5,heuristic
VKSPL,2016-05-24,0.5,heuristic
BIRLACOT,2016-05-26,2.0,heuristic
BIRLACOT,2016-05-27,0.5,heuristic
VKSPL,2016-05-27,2.0,heuristic
VKSPL,2016-05-30,0.5,heuristic
BIRLACOT,2016-05-31,2.0,heuristic
VKSPL,2016-05-31,2.0,heuristic
BIRLACOT,2016-06-01,0.5,heuristic
BIRLACOT,2016-06-02,2.0,heuristic
NBCC,2016-06-02,0.2,heuristic
BIRLACOT,2016-06-03,0.5,heuristic
BIRLACOT,2016-06-06,2.0,heuristic
LUXIND,2016-06-06,0.2,heuristic
BIRLACOT,2016-06-08,0.5,heuristic
VISESHINFO,2016-06-08,2.0,heuristic
BIRLACOT,2016-06-09,2.0,heuristic
VISESHINFO,2016-06-09,0.5,heuristic
VISESHINFO,2016-06-10,2.0,heuristic
BIRLACOT,2016-06-13,0.5,heuristic
VISESHINFO,2016-06-13,0.5,heuristic
BIRLACOT,2016-06-14,2.0,heuristic
VISESHINFO,2016-06-14,2.0,heuristic
VISESHINFO,2016-06-15,0.5,heuristic
VISESHINFO,2016-06-17,2.0,heuristic
BIRLACOT,2016-06-21,0.5,heuristic
VISESHINFO,2016-06-21,0.5,heuristic
VISESHINFO,2016-06-23,2.0,heuristic
BIRLACOT,2016-06-24,2.0,heuristic
VISESHINFO,2016-06-29,0.5,heuristic
BIRLACOT,2016-06-30,0.5,heuristic
BIRLACOT,2016-07-01,2.0,heuristic
ITC,2016-07-01,0.7,yfinance
VISESHINFO,2016-07-01,2.0,heuristic
VKSPL,2016-07-11,0.5,heuristic
VKSPL,2016-07-12,2.0,heuristic
BPCL,2016-07-13,0.5,yfinance
SOLARINDS,2016-07-13,0.2,yfinance
VKSPL,2016-07-14,0.5,heuristic
BERGEPAINT,2016-07-15,0.7,yfinance
VKSPL,2016-07-15,2.0,heuristic
KTIL,2016-08-11,0.5,heuristic
PNCINFRA,2016-08-12,0.2,heuristic
PFC,2016-08-26,0.5,yfinance
BAJFINANCE,2016-09-08,0.1,yfinance
TRENT,2016-09-12,0.1,yfinance
VKSPL,2016-09-12,0.5,heuristic
HINDPETRO,2016-09-14,0.333333,yfinance
SYMPHONY,2016-09-14,0.5,heuristic
VISESHINFO,2016-09-14,0.5,heuristic
VISESHINFO,2016-09-15,2.0,heuristic
VKSPL,2016-09-15,2.0,heuristic
RECLTD,2016-09-28,0.5,yfinance
FARMAXIND,2016-10-03,0.5,heuristic
FARMAXIND,2016-10-04,2.0,heuristic
KAJARIACER,2016-10-04,0.5,yfinance
VKSPL,2016-10-05,0.5,heuristic
GRASIM,2016-10-06,0.2,yfinance
VKSPL,2016-10-06,2.0,heuristic
VKSPL,2016-10-10,0.5,heuristic
VKSPL,2016-10-14,2.0,heuristic
IOC,2016-10-18,0.5,yfinance
VKSPL,2016-10-18,0.5,heuristic
CAPLIPOINT,2016-10-19,0.2,heuristic
VKSPL,2016-10-19,2.0,heuristic
VKSPL,2016-10-21,0.5,heuristic
VIJIFIN,2016-10-25,0.1,heuristic
VKSPL,2016-10-25,2.0,heuristic
VKSPL,2016-10-26,0.5,heuristic
VKSPL,2016-10-27,2.0,heuristic
VKSPL,2016-11-08,0.5,heuristic
VKSPL,2016-11-09,2.0,heuristic
BIRLACOT,2016-11-11,0.5,heuristic
BIRLACOT,2016-11-15,2.0,heuristic
BIRLACOT,2016-11-17,0.5,heuristic
KARURVYSYA,2016-11-17,0.2,yfinance
BIRLACOT,2016-11-18,2.0,heuristic
BIRLACOT,2016-11-21,0.5,heuristic
BIRLACOT,2016-11-22,2.0,heuristic
BIRLACOT,2016-11-28,0.5,heuristic
KPRMILL,2016-11-29,0.545455,yfinance
BIRLACOT,2016-12-01,2.0,heuristic
ONGC,2016-12-15,0.666667,yfinance
GULPOLY,2016-12-27,0.2,heuristic
JSWSTEEL,2017-01-04,0.1,yfinance
OIL,2017-01-12,0.714286,yfinance
COMPINFO,2017-02-16,0.2,heuristic
BIRLACOT,2017-03-08,0.5,heuristic
GAIL,2017-03-09,0.727273,yfinance
BEL,2017-03-16,0.1,yfinance
CONCOR,2017-04-05,0.8,yfinance
BLS,2017-04-26,0.1,heuristic
SINTEX,2017-05-25,0.25,heuristic
WIPRO,2017-06-13,0.5,yfinance
BIOCON,2017-06-15,0.333333,yfinance
GODREJCP,2017-06-22,0.5,yfinance
PETRONET,2017-07-03,0.5,yfinance
PLASTIBLEN,2017-07-03,0.5,heuristic
SANWARIA,2017-07-03,0.5,heuristic
PCJEWELLER,2017-07-06,0.5,yfinance
MHRIL,2017-07-10,0.666667,yfinance
HINDPETRO,2017-07-11,0.666667,yfinance
MUNJALAU,2017-07-11,0.5,heuristic
BPCL,2017-07-13,0.666667,yfinance
LT,2017-07-13,0.666667,yfinance
SUNTECK,2017-07-25,0.5,yfinance
KOTAKNIFTY,2017-07-27,0.1,heuristic
DWARKESH,2017-08-10,0.1,heuristic
DOLLAR,2017-08-31,0.2,heuristic
INFIBEAM,2017-08-31,0.1,heuristic
RELIANCE,2017-09-07,0.5,yfinance
DECCANCE,2017-09-11,0.5,heuristic
NESCO,2017-09-15,0.2,heuristic
TATAELXSI,2017-09-18,0.5,yfinance
YESBANK,2017-09-21,0.2,yfinance
SUTLEJTEX,2017-09-26,0.1,heuristic
MOIL,2017-09-27,0.454545,yfinance
BHARATFORG,2017-09-28,0.5,yfinance
BHEL,2017-09-28,0.666667,yfinance
JAMNAAUTO,2017-10-05,0.2,heuristic
HERITGFOOD,2017-10-10,0.5,heuristic
POKARNA,2017-10-18,0.2,heuristic
IGL,2017-11-09,0.2,heuristic
BALKRISIND,2017-12-21,0.5,yfinance
CASTROLIND,2017-12-21,0.5,yfinance
M&M,2017-12-21,0.5,yfinance
VAKRANGEE,2017-12-21,0.5,yfinance
JINDWORLD,2017-12-26,0.5,heuristic
IOC,2018-03-15,0.5,yfinance
INDNIPPON,2018-03-21,0.5,heuristic
GAIL,2018-03-27,0.75,yfinance
OIL,2018-03-27,0.636364,yfinance
TCS,2018-05-31,0.5,yfinance
MCDOWELL-N,2018-06-15,0.2,heuristic
ESSELPACK,2018-06-20,0.5,heuristic
EMAMILTD,2018-06-21,0.5,heuristic
JUBLFOOD,2018-06-21,0.5,yfinance
HIKAL,2018-06-22,0.666667,yfinance
CONCOR,2018-06-26,0.5,yfinance
VISESHINFO,2018-06-26,0.5,heuristic
FILATEX,2018-06-27,0.2,heuristic
NIACL,2018-06-27,0.5,yfinance
VISESHINFO,2018-06-27,2.0,heuristic
JYOTHYLAB,2018-06-28,0.5,heuristic
VISESHINFO,2018-07-09,0.5,heuristic
VISESHINFO,2018-07-10,2.0,heuristic
MINDAIND,2018-07-11,0.333333,heuristic
GICRE,2018-07-12,0.5,yfinance
VISESHINFO,2018-07-17,0.5,heuristic
VISESHINFO,2018-07-18,2.0,heuristic
VISESHINFO,2018-07-19,0.5,heuristic
VISESHINFO,2018-07-20,2.0,heuristic
GALLISPAT,2018-08-07,0.1,heuristic
WHEELS,2018-08-08,0.5,heuristic
INFY,2018-09-04,0.5,yfinance
VISESHINFO,2018-09-04,0.5,heuristic
VISESHINFO,2018-09-05,2.0,heuristic
GLAXO,2018-09-11,0.5,yfinance
GODREJCP,2018-09-12,0.7,yfinance
VISESHINFO,2018-09-19,0.5,heuristic
VISESHINFO,2018-09-21,2.0,heuristic
VISESHINFO,2018-09-25,0.5,heuristic
VISESHINFO,2018-09-26,2.0,heuristic
VISESHINFO,2018-10-03,0.5,heuristic
VISESHINFO,2018-10-05,2.0,heuristic
VISESHINFO,2018-10-17,0.5,heuristic
IEX,2018-10-19,0.1,heuristic
VISESHINFO,2018-10-19,2.0,heuristic
DAMODARIND,2018-10-25,0.5,heuristic
VISESHINFO,2018-10-29,0.5,heuristic
VISESHINFO,2018-10-30,2.0,heuristic
DFMFOODS,2018-11-01,0.2,heuristic
VISESHINFO,2018-11-06,0.5,heuristic
VISESHINFO,2018-11-07,2.0,heuristic
VISESHINFO,2018-11-26,0.5,heuristic
VISESHINFO,2018-11-28,2.0,heuristic
BRITANNIA,2018-11-29,0.5,yfinance
VISESHINFO,2018-11-29,0.5,heuristic
VISESHINFO,2018-11-30,2.0,heuristic
VISESHINFO,2018-12-04,0.5,heuristic
VISESHINFO,2018-12-05,2.0,heuristic
VISESHINFO,2018-12-07,0.5,heuristic
VISESHINFO,2018-12-14,2.0,heuristic
VISESHINFO,2018-12-17,0.5,heuristic
VISESHINFO,2018-12-20,2.0,heuristic
VISESHINFO,2018-12-21,0.5,heuristic
VISESHINFO,2018-12-26,2.0,heuristic
VISESHINFO,2018-12-27,0.5,heuristic
VISESHINFO,2018-12-28,2.0,heuristic
VISESHINFO,2019-01-01,0.5,heuristic
VISESHINFO,2019-01-03,2.0,heuristic
GUJGASLTD,2019-01-15,0.222222,yfinance
VISESHINFO,2019-01-22,0.5,heuristic
VISESHINFO,2019-01-25,2.0,heuristic
VISESHINFO,2019-01-30,0.5,heuristic
CONCOR,2019-02-04,0.777778,yfinance
VISESHINFO,2019-02-18,0.5,heuristic
RADIOCITY,2019-02-20,0.2,heuristic
VISESHINFO,2019-03-06,0.5,heuristic
WIPRO,2019-03-06,0.75,yfinance
VISESHINFO,2019-03-07,2.0,heuristic
NTPC,2019-03-19,0.857143,yfinance
VISESHINFO,2019-04-03,2.0,heuristic
UVSL,2019-04-25,0.5,heuristic
UVSL,2019-04-26,2.0,heuristic
UVSL,2019-05-09,0.5,heuristic
UVSL,2019-05-10,2.0,heuristic
UVSL,2019-05-13,0.5,heuristic
UVSL,2019-05-14,2.0,heuristic
TTKPRESTIG,2019-05-15,0.888889,yfinance
UVSL,2019-05-20,0.5,heuristic
UVSL,2019-05-21,2.0,heuristic
SYNGENE,2019-06-11,0.5,heuristic
BIOCON,2019-06-12,0.5,yfinance
UVSL,2019-06-13,0.5,heuristic
CHOLAFIN,2019-06-14,0.2,yfinance
UVSL,2019-06-14,2.0,heuristic
RELAXO,2019-06-26,0.5,yfinance
VISESHINFO,2019-06-28,2.0,heuristic
VISESHINFO,2019-07-01,0.5,heuristic
UPL,2019-07-02,0.7,yfinance
VISESHINFO,2019-07-02,2.0,heuristic
UVSL,2019-07-03,0.5,heuristic
UVSL,2019-07-04,2.0,heuristic
VISESHINFO,2019-07-05,0.5,heuristic
VISESHINFO,2019-07-08,2.0,heuristic
GAIL,2019-07-09,0.5,yfinance
VISESHINFO,2019-07-09,0.5,heuristic
UVSL,2019-07-10,0.5,heuristic
UVSL,2019-07-11,2.0,heuristic
UVSL,2019-07-12,0.5,heuristic
UVSL,2019-07-15,2.0,heuristic
VISESHINFO,2019-07-15,2.0,heuristic
UVSL,2019-07-16,0.5,heuristic
BHAGERIA,2019-07-17,0.5,heuristic
VISESHINFO,2019-07-17,0.5,heuristic
UVSL,2019-07-18,2.0,heuristic
VISESHINFO,2019-07-19,2.0,heuristic
UVSL,2019-07-22,0.5,heuristic
UVSL,2019-07-23,2.0,heuristic
VISESHINFO,2019-07-23,0.5,heuristic
UVSL,2019-07-24,0.5,heuristic
VBL,2019-07-25,0.7,yfinance
VISESHINFO,2019-07-25,2.0,heuristic
UVSL,2019-07-26,2.0,heuristic
VISESHINFO,2019-07-26,0.5,heuristic
VISESHINFO,2019-07-29,2.0,heuristic
VISESHINFO,2019-07-30,0.5,heuristic
VISESHINFO,2019-08-01,2.0,heuristic
VISESHINFO,2019-08-05,0.5,heuristic
SESHAPAPER,2019-08-19,0.2,heuristic
VISESHINFO,2019-08-20,0.5,heuristic
VISESHINFO,2019-08-23,2.0,heuristic
VISESHINFO,2019-08-28,0.5,heuristic
ASTRAL,2019-09-16,0.833333,yfinance
UVSL,2019-09-18,2.0,heuristic
HDFCBANK,2019-09-19,0.5,yfinance
UVSL,2019-09-19,0.5,heuristic
UVSL,2019-09-24,2.0,heuristic
AARTIIND,2019-09-27,0.5,heuristic
UVSL,2019-09-30,0.5,heuristic
UVSL,2019-10-07,2.0,heuristic
UVSL,2019-10-09,0.5,heuristic
UVSL,2019-10-10,2.0,heuristic
UVSL,2019-10-14,0.5,heuristic
SATIA,2019-10-15,0.1,heuristic
UVSL,2019-10-30,2.0,heuristic
UVSL,2019-11-06,0.5,heuristic
HCLTECH,2019-12-05,0.5,yfinance
BANKBEES,2019-12-19,0.1,heuristic
GOLDBEES,2019-12-19,0.01,heuristic
NIFTYBEES,2019-12-19,0.1,heuristic
PSUBNKBEES,2019-12-19,0.1,heuristic
SIS,2020-01-15,0.5,heuristic
UVSL,2020-02-03,0.5,heuristic
UVSL,2020-02-04,2.0,heuristic
UVSL,2020-02-10,0.5,heuristic
UVSL,2020-02-14,2.0,heuristic
UVSL,2020-02-20,0.5,heuristic
UVSL,2020-02-24,2.0,heuristic
UVSL,2020-02-26,0.5,heuristic
UVSL,2020-02-27,2.0,heuristic
UVSL,2020-03-02,0.5,heuristic
UVSL,2020-03-03,2.0,heuristic
KSERASERA,2020-03-09,0.5,heuristic
KTKBANK,2020-03-12,0.9,yfinance
UVSL,2020-03-12,0.5,heuristic
KSERASERA,2020-03-17,2.0,heuristic
KSERASERA,2020-03-23,0.5,heuristic
KSERASERA,2020-03-24,2.0,heuristic
KSERASERA,2020-03-26,0.5,heuristic
KSERASERA,2020-03-27,2.0,heuristic
KSERASERA,2020-04-09,0.5,heuristic
KSERASERA,2020-04-13,2.0,heuristic
EICHERMOT,2020-08-24,0.1,yfinance
ELGIEQUIP,2020-09-24,0.5,heuristic
LAURUSLABS,2020-09-29,0.2,yfinance
APLAPOLLO,2020-12-15,0.2,yfinance
KNRCON,2021-02-03,0.5,heuristic
BASML,2021-02-12,0.5,heuristic
HDFCMFGETF,2021-02-17,0.01,heuristic
HDFCNIFETF,2021-02-17,0.1,heuristic
HDFCSENETF,2021-02-17,0.1,heuristic
ASTRAL,2021-03-18,0.7,yfinance
DIXON,2021-03-18,0.222222,yfinance
GOLDSHARE,2021-03-25,0.01,heuristic
SHARDAMOTR,2021-04-16,0.2,heuristic
VBL,2021-06-10,0.7,yfinance
MON100,2021-06-17,0.1,heuristic
AARTIIND,2021-06-22,0.5,heuristic
MOKSH,2021-07-14,0.2,heuristic
KOTAKGOLD,2021-07-22,0.1,heuristic
POWERGRID,2021-07-29,0.727273,yfinance
SAGCEM,2021-08-17,0.2,heuristic
REDINGTON,2021-08-18,0.5,yfinance
MHRIL,2021-09-08,0.7,yfinance
MAHLIFE,2021-09-14,0.333333,yfinance
APLAPOLLO,2021-09-16,0.5,yfinance
KPRMILL,2021-09-24,0.222222,yfinance
SRF,2021-10-13,0.2,yfinance
ICICI500,2021-10-28,0.1,heuristic
IRCTC,2021-10-28,0.222222,yfinance
NIPPOBATRY,2021-10-28,0.5,heuristic
ABSLBANETF,2021-11-25,0.1,heuristic
ABSLNN50ET,2021-11-25,0.1,heuristic
BSLGOLDETF,2021-11-25,0.01,heuristic
BSLNIFTY,2021-11-25,0.1,heuristic
BSLSENETFG,2021-11-25,0.1,heuristic
TTKPRESTIG,2021-12-14,0.1,yfinance
KKCL,2021-12-16,0.2,heuristic
QGOLDHALF,2021-12-16,0.02,heuristic
PRECWIRE,2021-12-22,0.2,heuristic
SETFGOLD,2022-01-06,0.01,heuristic
IPCALAB,2022-01-10,0.5,yfinance
SCHAEFFLER,2022-02-08,0.2,yfinance
VISHAL,2022-03-10,0.333333,heuristic
BSE,2022-03-21,0.333333,yfinance
NDL,2022-03-24,0.333333,heuristic
VTL,2022-03-24,0.2,yfinance
ARIHANTCAP,2022-04-12,0.2,heuristic
JUBLFOOD,2022-04-19,0.2,yfinance
SAREGAMA,2022-04-26,0.1,heuristic
JETFREIGHT,2022-05-19,0.5,heuristic
VBL,2022-06-06,0.666667,yfinance
AUBANK,2022-06-09,0.5,yfinance
AJANTPHARM,2022-06-22,0.666667,yfinance
IOC,2022-06-30,0.666667,yfinance
TORNTPHARM,2022-07-08,0.5,yfinance
SONAMCLOCK,2022-07-14,0.5,heuristic
RGL,2022-07-19,0.2,heuristic
TATASTEEL,2022-07-28,0.1,yfinance
MOLOWVOL,2022-08-11,0.2,heuristic
MOMOMENTUM,2022-08-11,0.2,heuristic
ICICIMOM30,2022-08-12,0.1,heuristic
RECLTD,2022-08-17,0.777778,yfinance
PDSL,2022-08-26,0.2,heuristic
ICICIBANKN,2022-09-01,0.1,heuristic
ICICITECH,2022-09-01,0.1,heuristic
GAIL,2022-09-06,0.666667,yfinance
BAJAJFINSV,2022-09-13,0.1,yfinance
BEL,2022-09-15,0.333333,yfinance
ECLERX,2022-09-21,0.7,yfinance
MOTHERSON,2022-10-03,0.666667,yfinance
TDPOWERSYS,2022-10-31,0.2,heuristic
NYKAA,2022-11-10,0.181818,yfinance
MAHSEAMLES,2022-11-25,0.5,yfinance
SFL,2022-12-21,0.5,heuristic
VISHNU,2023-01-13,0.2,heuristic
IRB,2023-02-22,0.111111,yfinance
360ONE,2023-03-02,0.25,yfinance
ASTRAL,2023-03-14,0.727273,yfinance
HITECH,2023-03-17,0.1,heuristic
VISAKAIND,2023-05-15,0.2,heuristic
LODHA,2023-05-31,0.5,yfinance
VBL,2023-06-15,0.5,yfinance
BLUESTARCO,2023-06-20,0.5,yfinance
INDIAMART,2023-06-21,0.5,heuristic
KANSAINER,2023-07-04,0.7,yfinance
ROTO,2023-07-07,0.5,heuristic
SARDAEN,2023-08-04,0.1,heuristic
POWERGRID,2023-09-12,0.727273,yfinance
JBCHEPHARM,2023-09-18,0.5,yfinance
PFC,2023-09-21,0.8,yfinance
BERGEPAINT,2023-09-22,0.888889,yfinance
UTINIFTETF,2023-09-25,0.1,heuristic
HAL,2023-09-28,0.5,yfinance
THEMISMED,2023-10-10,0.1,heuristic
HDFCLOWVOL,2023-10-20,0.1,heuristic
HDFCMID150,2023-10-20,0.1,heuristic
HDFCMOMENT,2023-10-20,0.1,heuristic
HDFCNEXT50,2023-10-20,0.1,heuristic
HDFCNIF100,2023-10-20,0.1,heuristic
KRISHANA,2023-10-25,0.5,heuristic
BCLIND,2023-10-27,0.1,heuristic
HPAL,2023-11-09,0.2,heuristic
MKPL,2023-11-10,0.1,heuristic
NESTLEIND,2024-01-05,0.1,yfinance
COCHINSHIP,2024-01-10,0.6,yfinance
HDFCNIFBAN,2024-02-02,0.1,heuristic
HDFCPVTBAN,2024-02-02,0.1,heuristic
HDFCSENSEX,2024-02-02,0.1,heuristic
LOWVOLIETF,2024-03-01,0.1,heuristic
NV20IETF,2024-03-01,0.1,heuristic
GAEL,2024-03-15,0.5,heuristic
PERSISTENT,2024-03-28,0.5,yfinance
ANUP,2024-04-23,0.5,heuristic
BHAGCHEM,2024-05-02,0.1,heuristic
ALPL30IETF,2024-05-10,0.1,heuristic
FMCGIETF,2024-05-10,0.1,heuristic
MIDCAPIETF,2024-05-10,0.1,heuristic
MIDSELIETF,2024-05-10,0.1,heuristic
NIF100IETF,2024-05-10,0.1,heuristic
QUAL30IETF,2024-05-10,0.1,heuristic
CANBK,2024-05-15,0.2,yfinance
BDL,2024-05-24,0.545455,yfinance
MOTILALOFS,2024-06-10,0.272727,yfinance
BPCL,2024-06-21,0.5,yfinance
HINDPETRO,2024-06-21,0.636364,yfinance
SHAREINDIA,2024-06-27,0.2,heuristic
OIL,2024-07-02,0.666667,yfinance
PGEL,2024-07-10,0.1,heuristic
ELECON,2024-07-19,0.5,heuristic
KSB,2024-07-25,0.2,heuristic
SAPPHIRE,2024-09-05,0.2,heuristic
VBL,2024-09-12,0.416667,yfinance
KIMS,2024-09-13,0.2,heuristic
PHOENIXLTD,2024-09-20,0.5,yfinance
GPIL,2024-10-04,0.2,heuristic
POWERMECH,2024-10-08,0.5,heuristic
JINDALSAW,2024-10-09,0.5,heuristic
HEG,2024-10-18,0.2,yfinance
DRREDDY,2024-10-28,0.2,yfinance
RELIANCE,2024-10-28,0.5,yfinance
JASH,2024-10-30,0.2,heuristic
WIPRO,2024-12-03,0.5,yfinance
TARACHAND,2024-12-05,0.2,heuristic
LINC,2024-12-20,0.25,heuristic
MAZDOCK,2024-12-27,0.5,yfinance
NMDC,2024-12-27,0.333333,yfinance
PCJEWELLER,2024-12-31,0.1,yfinance
SHRIRAMFIN,2025-01-10,0.181818,yfinance
JAIBALAJI,2025-01-17,0.2,heuristic
NAVA,2025-01-20,0.5,heuristic
IGL,2025-01-31,0.5,heuristic
AGIIL,2025-02-07,0.5,heuristic
NAUKRI,2025-05-07,0.2,yfinance
ABFRL,2025-05-22,0.333333,heuristic
BSE,2025-05-23,0.363636,yfinance
COFORGE,2025-06-04,0.2,yfinance
BAJFINANCE,2025-06-16,0.1,yfinance
CONCOR,2025-07-04,0.8,yfinance
SHARDAMOTR,2025-07-04,0.5,heuristic
ASHOKLEY,2025-07-16,0.5,yfinance
IFGLEXPOR,2025-07-18,0.5,heuristic
MOTHERSON,2025-07-18,0.666667,yfinance
NESTLEIND,2025-08-08,0.5,yfinance
VRLLOG,2025-08-14,0.5,heuristic
HDFCBANK,2025-08-26,0.5,yfinance
KARURVYSYA,2025-08-26,0.818182,yfinance
PATANJALI,2025-09-11,0.333333,yfinance
FISCHER,2025-09-12,0.1,heuristic
GODFRYPHLP,2025-09-16,0.363636,yfinance
ZYDUSWELL,2025-09-18,0.2,heuristic
TFCILTD,2025-09-19,0.2,heuristic
ADANIPOWER,2025-09-22,0.25,yfinance
SANDUMA,2025-09-22,0.333333,heuristic
PIDILITIND,2025-09-23,0.5,yfinance
NAZARA,2025-09-26,0.25,heuristic
RMDRIP,2025-09-26,0.1,heuristic
SHILPAMED,2025-10-03,0.5,heuristic
UNIVASTU,2025-10-13,0.333333,heuristic
TATAINVEST,2025-10-14,0.1,yfinance
GEEKAYWIRE,2025-10-30,0.5,heuristic
BEML,2025-11-03,0.5,yfinance
HDFCAMC,2025-11-26,0.5,yfinance
THYROCARE,2025-11-28,0.333333,heuristic
CAMS,2025-12-05,0.2,heuristic
MONEYBOXX,2025-12-15,0.5,heuristic
LALPATHLAB,2025-12-19,0.5,yfinance
GRMOVER,2025-12-24,0.333333,heuristic
NUVAMA,2025-12-26,0.2,heuristic
RAMRAT,2025-12-26,0.5,heuristic
MCX,2026-01-02,0.2,yfinance
AIIL,2026-01-13,0.222222,yfinance
AJMERA,2026-01-14,0.2,heuristic
KOTAKBANK,2026-01-14,0.2,yfinance
GROWWGOLD,2026-02-06,0.1,heuristic
QNIFTY,2026-02-13,0.1,heuristic
ANGELONE,2026-02-26,0.1,heuristic
BANKNIFTY1,2026-02-27,0.1,heuristic
CONS,2026-02-27,0.1,heuristic
MIDCAP,2026-02-27,0.1,heuristic
NV20,2026-02-27,0.1,heuristic
LICMFGOLD,2026-03-06,0.01,heuristic
ECLERX,2026-03-13,0.5,yfinance
V2RETAIL,2026-03-25,0.1,heuristic
IRB,2026-03-30,0.545455,yfinance
PASHUPATI,2026-04-17,0.1,heuristic
IVZINGOLD,2026-04-30,0.01,heuristic
LICI,2026-05-29,0.5,yfinance
